;ms;sp;fb
20:33:01.810;179699;0.000;7.351
20:33:01.915;179799;0.000;7.278
20:33:02.020;179899;0.000;7.326
20:33:02.125;179999;0.000;7.322
20:33:02.234;180099;0.000;7.342
20:33:02.340;180199;0.000;7.284
20:33:02.445;180299;0.000;7.297
20:33:02.550;180399;0.000;7.316
20:33:02.655;180499;0.000;7.311
20:33:02.762;180599;0.000;7.331
20:33:02.874;180699;0.000;7.280
20:33:02.876;180799;0.000;7.340
20:33:02.986;180899;0.000;7.298
20:33:03.097;180999;0.000;7.308
20:33:03.208;181099;0.000;7.300
20:33:03.318;181199;0.000;7.335
20:33:03.428;181299;0.000;7.274
20:33:03.536;181399;30.000;7.331
20:33:03.645;181499;30.000;7.327
20:33:03.757;181599;30.000;7.970
20:33:03.869;181699;30.000;7.695
20:33:03.870;181799;30.000;7.929
20:33:03.981;181899;30.000;7.890
20:33:04.094;181999;30.000;8.180
20:33:04.204;182099;30.000;8.503
20:33:04.312;182199;30.000;8.715
20:33:04.422;182299;30.000;8.415
20:33:04.531;182399;30.000;8.688
20:33:04.642;182499;30.000;8.812
20:33:04.748;182599;30.000;8.720
20:33:04.855;182699;30.000;8.915
20:33:04.961;182799;30.000;9.063
20:33:05.066;182899;30.000;9.038
20:33:05.069;182999;30.000;9.053
20:33:05.171;183099;30.000;9.509
20:33:05.276;183199;30.000;9.479
20:33:05.381;183299;30.000;9.631
20:33:05.486;183399;30.000;9.744
20:33:05.597;183499;30.000;9.943
20:33:05.706;183599;30.000;9.890
20:33:05.818;183699;30.000;10.226
20:33:05.927;183799;30.000;10.296
20:33:06.038;183899;30.000;10.140
20:33:06.150;183999;30.000;10.456
20:33:06.261;184099;30.000;10.582
20:33:06.371;184199;30.000;10.535
20:33:06.375;184299;30.000;10.769
20:33:06.476;184399;30.000;10.765
20:33:06.583;184499;30.000;10.840
20:33:06.688;184599;30.000;11.085
20:33:06.796;184699;30.000;10.980
20:33:06.906;184799;30.000;10.948
20:33:07.015;184899;30.000;10.734
20:33:07.126;184999;30.000;10.905
20:33:07.238;185099;30.000;10.884
20:33:07.347;185199;30.000;10.725
20:33:07.458;185299;30.000;10.791
20:33:07.569;185399;30.000;10.831
20:33:07.572;185499;30.000;10.838
20:33:07.678;185599;30.000;10.679
20:33:07.790;185699;30.000;10.932
20:33:07.901;185799;30.000;11.337
20:33:08.012;185899;30.000;11.273
20:33:08.124;185999;30.000;10.739
20:33:08.235;186100;30.000;10.955
20:33:08.346;186199;30.000;11.140
20:33:08.456;186299;30.000;10.920
20:33:08.566;186399;30.000;10.952
20:33:08.568;186499;30.000;10.675
20:33:08.676;186599;30.000;10.918
20:33:08.786;186699;30.000;10.776
20:33:08.895;186799;30.000;10.774
20:33:09.000;186899;30.000;10.927
20:33:09.105;186999;30.000;10.636
20:33:09.211;187099;30.000;11.280
20:33:09.316;187199;30.000;11.137
20:33:09.421;187299;30.000;11.172
20:33:09.526;187399;30.000;10.922
20:33:09.634;187499;30.000;10.930
20:33:09.741;187599;30.000;11.054
20:33:09.846;187699;30.000;11.001
20:33:09.951;187799;30.000;11.073
20:33:10.056;187899;30.000;10.798
20:33:10.166;187999;30.000;10.789
20:33:10.167;188099;30.000;11.019
20:33:10.271;188199;30.000;10.883
20:33:10.376;188299;30.000;10.932
20:33:10.485;188399;30.000;10.904
20:33:10.597;188499;30.000;10.999
20:33:10.709;188599;30.000;10.928
20:33:10.821;188699;30.000;10.892
20:33:10.933;188799;30.000;10.913
20:33:11.041;188899;30.000;11.035
20:33:11.153;188999;30.000;10.814
20:33:11.265;189099;30.000;11.031
20:33:11.267;189199;30.000;10.770
20:33:11.377;189299;30.000;10.705
20:33:11.486;189399;30.000;10.811
20:33:11.595;189499;30.000;10.924
20:33:11.708;189599;30.000;11.587
20:33:11.819;189699;30.000;10.972
20:33:11.931;189799;30.000;10.972
20:33:12.038;189899;30.000;10.951
20:33:12.150;189999;50.000;11.203
20:33:12.258;190099;50.000;11.346
20:33:12.369;190199;50.000;11.867
20:33:12.370;190299;50.000;12.484
20:33:12.479;190399;50.000;12.739
20:33:12.590;190499;50.000;13.103
20:33:12.702;190599;50.000;13.504
20:33:12.812;190699;50.000;14.294
20:33:12.923;190799;50.000;14.152
20:33:13.030;190899;50.000;14.988
20:33:13.142;190999;50.000;15.186
20:33:13.253;191099;50.000;15.797
20:33:13.363;191199;50.000;16.351
20:33:13.475;191299;50.000;16.346
20:33:13.478;191399;50.000;16.840
20:33:13.587;191500;50.000;17.220
20:33:13.698;191599;50.000;17.422
20:33:13.809;191699;50.000;17.999
20:33:13.920;191799;50.000;18.695
20:33:14.031;191899;50.000;18.643
20:33:14.136;191999;50.000;18.891
20:33:14.241;192099;50.000;19.582
20:33:14.346;192199;50.000;19.582
20:33:14.451;192299;50.000;19.679
20:33:14.556;192399;50.000;20.187
20:33:14.661;192499;50.000;20.642
20:33:14.770;192599;50.000;20.660
20:33:14.774;192699;50.000;20.930
20:33:14.878;192799;50.000;21.003
20:33:14.988;192899;50.000;21.695
20:33:15.096;192999;50.000;21.650
20:33:15.201;193099;50.000;22.157
20:33:15.306;193199;50.000;22.110
20:33:15.411;193299;50.000;22.653
20:33:15.516;193399;50.000;23.562
20:33:15.625;193499;50.000;22.806
20:33:15.737;193599;50.000;23.705
20:33:15.849;193699;50.000;23.227
20:33:15.960;193799;50.000;24.094
20:33:16.071;193899;50.000;23.646
20:33:16.074;193999;50.000;24.487
20:33:16.182;194099;50.000;24.965
20:33:16.293;194199;50.000;24.776
20:33:16.403;194299;50.000;24.777
20:33:16.512;194399;50.000;25.040
20:33:16.624;194499;50.000;25.163
20:33:16.736;194599;50.000;25.543
20:33:16.847;194699;50.000;25.427
20:33:16.956;194799;50.000;26.250
20:33:17.068;194899;50.000;26.569
20:33:17.071;194999;50.000;26.336
20:33:17.179;195099;50.000;26.852
20:33:17.291;195199;50.000;27.056
20:33:17.403;195299;50.000;27.388
20:33:17.514;195399;50.000;27.364
20:33:17.623;195499;50.000;27.822
20:33:17.731;195599;50.000;28.268
20:33:17.836;195699;50.000;28.109
20:33:17.940;195799;50.000;28.290
20:33:18.046;195899;50.000;28.319
20:33:18.154;195999;50.000;28.411
20:33:18.264;196099;50.000;28.672
20:33:18.374;196199;50.000;28.192
20:33:18.375;196299;50.000;29.067
20:33:18.486;196399;50.000;29.028
20:33:18.598;196499;50.000;29.065
20:33:18.710;196599;50.000;29.451
20:33:18.820;196699;50.000;29.443
20:33:18.925;196799;50.000;29.745
20:33:19.038;196899;50.000;29.540
20:33:19.148;196999;50.000;30.201
20:33:19.257;197100;50.000;29.999
20:33:19.365;197199;50.000;30.720
20:33:19.368;197299;50.000;30.601
20:33:19.474;197399;50.000;30.411
20:33:19.584;197499;50.000;30.698
20:33:19.692;197599;50.000;30.956
20:33:19.801;197699;50.000;30.885
20:33:19.911;197799;50.000;30.750
20:33:20.020;197899;50.000;31.138
20:33:20.130;197999;50.000;31.153
20:33:20.241;198099;50.000;31.614
20:33:20.354;198199;50.000;31.446
20:33:20.465;198299;50.000;31.543
20:33:20.467;198399;50.000;31.201
20:33:20.577;198499;50.000;31.967
20:33:20.688;198599;50.000;31.665
20:33:20.796;198699;50.000;32.039
20:33:20.903;198799;50.000;31.881
20:33:21.006;198899;50.000;31.424
20:33:21.111;198999;50.000;31.815
20:33:21.217;199099;50.000;31.552
20:33:21.328;199199;50.000;31.588
20:33:21.437;199299;50.000;32.472
20:33:21.545;199399;50.000;31.314
20:33:21.657;199499;50.000;32.198
20:33:21.765;199599;50.000;30.916
20:33:21.768;199699;50.000;32.314
20:33:21.877;199799;50.000;31.793
20:33:21.986;199899;50.000;31.481
20:33:22.095;199999;50.000;32.215
20:33:22.207;200099;50.000;31.774
20:33:22.315;200199;50.000;31.999
20:33:22.421;200299;50.000;31.718
20:33:22.526;200399;50.000;32.028
20:33:22.631;200499;50.000;31.765
20:33:22.740;200599;50.000;31.603
20:33:22.851;200699;50.000;31.417
20:33:22.961;200799;50.000;31.811
20:33:23.073;200899;50.000;31.453
20:33:23.076;200999;50.000;31.608
20:33:23.183;201099;50.000;31.861
20:33:23.293;201199;50.000;31.723
20:33:23.404;201299;50.000;31.461
20:33:23.515;201399;50.000;32.160
20:33:23.625;201499;50.000;31.394
20:33:23.733;201599;50.000;31.751
20:33:23.842;201699;50.000;32.198
20:33:23.950;201799;50.000;31.972
20:33:24.061;201899;50.000;31.378
20:33:24.173;201999;50.000;31.414
20:33:24.175;202099;50.000;32.238
20:33:24.278;202199;50.000;31.888
20:33:24.389;202299;50.000;31.266
20:33:24.497;202399;50.000;31.827
20:33:24.608;202499;50.000;31.797
20:33:24.720;202599;50.000;31.641
20:33:24.831;202699;50.000;31.750
20:33:24.941;202799;50.000;31.443
20:33:25.053;202899;50.000;31.346
20:33:25.165;202999;50.000;31.604
20:33:25.167;203099;50.000;32.381
20:33:25.277;203199;50.000;31.638
20:33:25.389;203299;50.000;31.673
20:33:25.501;203399;50.000;31.232
20:33:25.611;203499;50.000;31.556
20:33:25.723;203599;70.000;32.023
20:33:25.831;203699;70.000;31.811
20:33:25.941;203799;70.000;32.925
20:33:26.050;203899;70.000;33.189
20:33:26.161;203999;70.000;33.934
20:33:26.274;204099;70.000;34.287
20:33:26.275;204199;70.000;34.688
20:33:26.384;204299;70.000;35.370
20:33:26.494;204399;70.000;35.271
20:33:26.606;204499;70.000;35.968
20:33:26.717;204599;70.000;36.728
20:33:26.822;204699;70.000;36.875
20:33:26.934;204799;70.000;37.340
20:33:27.042;204899;70.000;38.019
20:33:27.153;204999;70.000;37.930
20:33:27.264;205099;70.000;38.713
20:33:27.373;205199;70.000;38.658
20:33:27.376;205299;70.000;39.107
20:33:27.484;205399;70.000;39.436
20:33:27.593;205499;70.000;39.908
20:33:27.701;205599;70.000;40.508
20:33:27.812;205699;70.000;40.334
20:33:27.922;205799;70.000;40.823
20:33:28.034;205899;70.000;40.544
20:33:28.141;205999;70.000;41.228
20:33:28.248;206099;70.000;41.124
20:33:28.357;206199;70.000;41.832
20:33:28.468;206299;70.000;42.066
20:33:28.471;206399;70.000;42.541
20:33:28.579;206499;70.000;42.423
20:33:28.685;206599;70.000;43.767
20:33:28.794;206699;70.000;44.181
20:33:28.904;206799;70.000;43.012
20:33:29.012;206899;70.000;43.689
20:33:29.123;206999;70.000;43.986
20:33:29.233;207099;70.000;44.952
20:33:29.341;207199;70.000;44.500
20:33:29.450;207299;70.000;44.690
20:33:29.558;207399;70.000;45.527
20:33:29.669;207499;70.000;45.087
20:33:29.671;207599;70.000;45.743
20:33:29.779;207699;70.000;46.008
20:33:29.887;207799;70.000;45.920
20:33:29.996;207899;70.000;46.878
20:33:30.104;207999;70.000;46.739
20:33:30.215;208099;70.000;46.302
20:33:30.324;208199;70.000;47.439
20:33:30.437;208299;70.000;46.962
20:33:30.542;208399;70.000;47.562
20:33:30.650;208499;70.000;47.896
20:33:30.758;208599;70.000;47.882
20:33:30.865;208699;70.000;48.177
20:33:30.867;208799;70.000;48.885
20:33:30.973;208899;70.000;48.913
20:33:31.084;208999;70.000;49.264
20:33:31.195;209099;70.000;49.207
20:33:31.306;209199;70.000;49.511
20:33:31.418;209299;70.000;49.190
20:33:31.529;209399;70.000;50.495
20:33:31.644;209499;70.000;49.987
20:33:31.751;209599;70.000;49.957
20:33:31.863;209699;70.000;50.494
20:33:31.974;209799;70.000;49.907
20:33:31.978;209899;70.000;50.382
20:33:32.081;209999;70.000;50.888
20:33:32.188;210099;70.000;50.857
20:33:32.296;210199;70.000;50.725
20:33:32.403;210299;70.000;52.100
20:33:32.511;210399;70.000;50.993
20:33:32.616;210499;70.000;50.744
20:33:32.722;210599;70.000;52.003
20:33:32.830;210699;70.000;52.461
20:33:32.939;210799;70.000;52.272
20:33:33.047;210899;70.000;51.963
20:33:33.159;210999;70.000;51.658
20:33:33.266;211099;70.000;52.101
20:33:33.267;211199;70.000;52.268
20:33:33.375;211299;70.000;51.821
20:33:33.486;211399;70.000;52.284
20:33:33.596;211499;70.000;52.565
20:33:33.706;211599;70.000;52.609
20:33:33.814;211699;70.000;52.583
20:33:33.927;211799;70.000;53.052
20:33:34.038;211899;70.000;52.628
20:33:34.146;211999;70.000;52.913
20:33:34.254;212099;70.000;53.593
20:33:34.361;212199;70.000;54.098
20:33:34.466;212299;70.000;53.356
20:33:34.468;212399;70.000;53.372
20:33:34.572;212499;70.000;53.445
20:33:34.675;212599;70.000;53.940
20:33:34.781;212699;70.000;53.678
20:33:34.886;212799;70.000;54.240
20:33:34.991;212899;70.000;53.964
20:33:35.096;212999;70.000;54.498
20:33:35.204;213099;70.000;55.361
20:33:35.312;213200;70.000;54.393
20:33:35.423;213299;70.000;55.369
20:33:35.534;213399;70.000;54.621
20:33:35.644;213499;70.000;54.891
20:33:35.751;213599;70.000;55.105
20:33:35.862;213699;70.000;54.744
20:33:35.974;213799;70.000;55.304
20:33:35.976;213899;70.000;55.106
20:33:36.083;213999;70.000;55.060
20:33:36.191;214099;70.000;55.613
20:33:36.298;214199;70.000;56.059
20:33:36.406;214299;70.000;56.500
20:33:36.516;214399;70.000;55.456
20:33:36.628;214499;70.000;55.730
20:33:36.737;214599;70.000;55.620
20:33:36.845;214699;70.000;56.494
20:33:36.955;214799;70.000;56.155
20:33:37.065;214899;70.000;56.761
20:33:37.068;214999;70.000;55.852
20:33:37.175;215099;70.000;55.963
20:33:37.281;215199;70.000;56.305
20:33:37.390;215299;70.000;56.357
20:33:37.495;215399;70.000;56.853
20:33:37.607;215499;70.000;56.504
20:33:37.718;215599;70.000;56.380
20:33:37.826;215699;70.000;57.149
20:33:37.930;215799;70.000;56.618
20:33:38.036;215899;70.000;57.202
20:33:38.140;215999;70.000;56.921
20:33:38.245;216099;70.000;56.836
20:33:38.355;216199;70.000;57.147
20:33:38.464;216299;70.000;57.526
20:33:38.467;216399;70.000;57.211
20:33:38.574;216499;70.000;56.967
20:33:38.684;216599;70.000;56.853
20:33:38.794;216699;70.000;57.961
20:33:38.905;216799;70.000;57.385
20:33:39.017;216899;70.000;58.690
20:33:39.129;216999;70.000;57.426
20:33:39.240;217099;70.000;57.286
20:33:39.352;217199;70.000;56.894
20:33:39.462;217299;70.000;57.639
20:33:39.572;217400;80.000;57.583
20:33:39.574;217499;80.000;57.972
20:33:39.681;217599;80.000;57.963
20:33:39.791;217699;80.000;58.108
20:33:39.903;217799;80.000;59.281
20:33:40.013;217899;80.000;58.297
20:33:40.126;217999;80.000;58.847
20:33:40.237;218099;80.000;59.381
20:33:40.346;218199;80.000;59.275
20:33:40.457;218299;80.000;59.328
20:33:40.569;218399;80.000;60.154
20:33:40.572;218499;80.000;59.905
20:33:40.681;218599;80.000;60.142
20:33:40.791;218699;80.000;59.844
20:33:40.901;218799;80.000;60.149
20:33:41.006;218899;80.000;60.505
20:33:41.112;218999;80.000;60.640
20:33:41.222;219099;80.000;60.769
20:33:41.331;219199;80.000;60.802
20:33:41.441;219299;80.000;61.486
20:33:41.549;219399;80.000;61.294
20:33:41.660;219499;80.000;61.578
20:33:41.772;219599;80.000;60.974
20:33:41.773;219699;80.000;61.896
20:33:41.880;219800;80.000;61.992
20:33:41.989;219899;80.000;62.372
20:33:42.101;219999;80.000;63.768
20:33:42.210;220099;80.000;63.284
20:33:42.322;220199;80.000;62.749
20:33:42.435;220299;80.000;63.205
20:33:42.544;220399;80.000;63.525
20:33:42.656;220499;80.000;63.109
20:33:42.766;220599;80.000;63.387
20:33:42.769;220699;80.000;63.047
20:33:42.874;220799;80.000;63.773
20:33:42.981;220899;80.000;63.076
20:33:43.087;220999;80.000;63.908
20:33:43.192;221099;80.000;64.018
20:33:43.300;221199;80.000;63.721
20:33:43.411;221299;80.000;64.248
20:33:43.516;221399;80.000;64.096
20:33:43.621;221499;80.000;64.427
20:33:43.726;221599;80.000;63.966
20:33:43.831;221699;80.000;64.708
20:33:43.940;221799;80.000;65.159
20:33:44.051;221899;80.000;65.310
20:33:44.160;221999;80.000;64.886
20:33:44.266;222099;80.000;65.105
20:33:44.267;222199;80.000;65.393
20:33:44.371;222299;80.000;65.162
20:33:44.481;222399;80.000;65.335
20:33:44.591;222499;80.000;65.517
20:33:44.703;222599;80.000;65.398
20:33:44.813;222699;80.000;65.915
20:33:44.924;222799;80.000;65.722
20:33:45.031;222899;80.000;66.039
20:33:45.142;222999;80.000;65.521
20:33:45.248;223099;80.000;65.910
20:33:45.356;223199;80.000;65.961
20:33:45.468;223299;80.000;65.834
20:33:45.470;223399;80.000;66.818
20:33:45.576;223499;80.000;67.088
20:33:45.687;223599;80.000;66.261
20:33:45.797;223699;80.000;66.889
20:33:45.909;223799;80.000;67.352
20:33:46.016;223899;80.000;67.361
20:33:46.121;223999;80.000;66.307
20:33:46.228;224099;80.000;67.196
20:33:46.338;224199;80.000;66.960
20:33:46.446;224299;80.000;66.696
20:33:46.555;224399;80.000;66.896
20:33:46.661;224499;80.000;67.886
20:33:46.768;224599;80.000;67.268
20:33:46.769;224699;80.000;67.579
20:33:46.878;224799;80.000;67.610
20:33:46.986;224899;80.000;67.540
20:33:47.091;224999;80.000;67.382
20:33:47.201;225099;80.000;67.905
20:33:47.306;225199;80.000;67.550
20:33:47.416;225299;80.000;67.413
20:33:47.527;225399;80.000;67.318
20:33:47.640;225499;80.000;67.419
20:33:47.749;225599;80.000;67.659
20:33:47.858;225699;80.000;68.294
20:33:47.965;225799;80.000;67.775
20:33:47.967;225899;80.000;67.848
20:33:48.075;225999;80.000;68.192
20:33:48.184;226099;80.000;67.326
20:33:48.294;226199;80.000;67.894
20:33:48.404;226299;80.000;67.739
20:33:48.511;226399;80.000;67.956
20:33:48.621;226499;80.000;68.114
20:33:48.729;226599;80.000;67.999
20:33:48.841;226700;80.000;67.891
20:33:48.951;226799;80.000;68.084
20:33:49.061;226899;80.000;67.779
20:33:49.167;226999;80.000;67.904
20:33:49.170;227099;80.000;67.941
20:33:49.385;227199;80.000;68.328
20:33:49.388;227299;80.000;67.876
20:33:49.491;227399;80.000;67.884
20:33:49.596;227499;80.000;67.678
20:33:49.702;227599;50.000;69.034
20:33:49.810;227699;50.000;69.455
20:33:49.915;227799;50.000;66.690
20:33:50.021;227899;50.000;65.637
20:33:50.130;227999;50.000;67.186
20:33:50.238;228099;50.000;67.283
20:33:50.345;228199;50.000;65.987
20:33:50.453;228299;50.000;67.840
20:33:50.562;228399;50.000;66.328
20:33:50.674;228499;50.000;67.196
20:33:50.678;228599;50.000;68.335
20:33:50.783;228699;50.000;66.494
20:33:50.891;228799;50.000;69.950
20:33:50.996;228899;50.000;66.639
20:33:51.103;228999;50.000;66.721
20:33:51.215;229099;50.000;67.319
20:33:51.326;229199;50.000;65.148
20:33:51.439;229299;50.000;67.205
20:33:51.550;229399;50.000;65.759
20:33:51.656;229499;50.000;66.643
20:33:51.761;229599;50.000;66.961
20:33:51.866;229699;50.000;65.981
20:33:51.869;229799;50.000;67.881
20:33:51.972;229899;50.000;69.493
20:33:52.081;229999;50.000;67.554
20:33:52.192;230099;50.000;68.622
20:33:52.304;230199;50.000;67.894
20:33:52.413;230299;50.000;66.801
20:33:52.522;230399;50.000;66.278
20:33:52.630;230499;50.000;66.532
20:33:52.736;230599;50.000;69.156
20:33:52.841;230699;50.000;66.203
20:33:52.948;230799;50.000;68.917
20:33:53.058;230899;50.000;65.576
20:33:53.166;230999;50.000;67.318
20:33:53.169;231099;50.000;66.778
20:33:53.271;231199;50.000;65.458
20:33:53.376;231299;50.000;67.272
20:33:53.481;231399;50.000;67.087
20:33:53.588;231499;50.000;67.509
20:33:53.697;231599;50.000;66.776
20:33:53.809;231699;50.000;68.135
20:33:53.920;231799;50.000;66.649
20:33:54.030;231899;50.000;66.515
20:33:54.140;231999;50.000;66.960
20:33:54.246;232099;50.000;67.607
20:33:54.351;232199;50.000;67.265
20:33:54.456;232299;50.000;66.471
20:33:54.561;232399;50.000;66.780
20:33:54.669;232499;50.000;67.061
20:33:54.671;232599;50.000;68.376
20:33:54.781;232699;50.000;66.511
20:33:54.892;232799;50.000;67.264
20:33:55.004;232899;50.000;65.557
20:33:55.114;232999;50.000;67.282
20:33:55.225;233099;50.000;64.470
20:33:55.331;233199;50.000;65.279
20:33:55.437;233299;50.000;67.084
20:33:55.541;233399;50.000;67.279
20:33:55.646;233499;50.000;67.089
20:33:55.752;233599;50.000;67.499
20:33:55.860;233699;50.000;65.124
20:33:55.970;233799;50.000;67.516
20:33:55.972;233899;50.000;67.820
20:33:56.081;233999;50.000;67.434
20:33:56.193;234099;50.000;66.540
20:33:56.300;234199;50.000;67.347
20:33:56.406;234299;50.000;66.989
20:33:56.511;234399;50.000;66.936
20:33:56.616;234499;50.000;65.599
20:33:56.722;234599;50.000;65.188
20:33:56.829;234699;50.000;66.781
20:33:56.942;234799;50.000;67.492
20:33:57.054;234900;50.000;67.250
20:33:57.163;234999;50.000;67.975
20:33:57.165;235099;50.000;65.294
20:33:57.273;235199;50.000;65.516
20:33:57.381;235299;50.000;65.444
20:33:57.486;235399;50.000;67.291
20:33:57.594;235499;50.000;65.815
20:33:57.703;235599;50.000;66.157
20:33:57.811;235699;50.000;66.867
20:33:57.919;235799;50.000;67.411
20:33:58.026;235899;50.000;67.437
20:33:58.131;235999;50.000;66.605
20:33:58.238;236099;50.000;67.501
20:33:58.349;236199;50.000;67.847
20:33:58.462;236299;50.000;67.026
20:33:58.573;236399;50.000;66.435
20:33:58.577;236499;50.000;66.614
20:33:58.683;236599;50.000;67.512
20:33:58.793;236699;50.000;67.025
20:33:58.905;236799;50.000;66.368
20:33:59.012;236899;50.000;69.225
20:33:59.122;236999;50.000;66.490
20:33:59.234;237099;50.000;66.955
20:33:59.345;237199;50.000;66.597
20:33:59.456;237299;50.000;66.171
20:33:59.564;237399;50.000;66.622
20:33:59.566;237499;50.000;65.318
20:33:59.672;237599;50.000;65.463
20:33:59.781;237699;30.000;66.365
20:33:59.892;237799;30.000;67.703
20:34:00.003;237899;30.000;66.828
20:34:00.112;237999;30.000;67.071
20:34:00.221;238099;30.000;66.067
20:34:00.329;238199;30.000;64.679
20:34:00.437;238299;30.000;65.244
20:34:00.546;238399;30.000;63.981
20:34:00.650;238499;30.000;62.448
20:34:00.758;238599;30.000;62.765
20:34:00.865;238699;30.000;64.619
20:34:00.867;238799;30.000;62.912
20:34:00.976;238899;30.000;61.326
20:34:01.089;238999;30.000;61.551
20:34:01.199;239099;30.000;61.771
20:34:01.310;239199;30.000;61.057
20:34:01.422;239299;30.000;60.750
20:34:01.530;239399;30.000;59.747
20:34:01.636;239499;30.000;60.032
20:34:01.745;239599;30.000;60.253
20:34:01.851;239699;30.000;57.194
20:34:01.956;239799;30.000;58.291
20:34:02.065;239899;30.000;58.533
20:34:02.067;239999;30.000;59.338
20:34:02.176;240099;30.000;58.128
20:34:02.285;240199;30.000;57.051
20:34:02.395;240299;30.000;56.421
20:34:02.506;240399;30.000;56.779
20:34:02.618;240499;30.000;55.399
20:34:02.730;240599;30.000;57.291
20:34:02.840;240699;30.000;56.946
20:34:02.950;240799;30.000;54.764
20:34:03.056;240899;30.000;56.954
20:34:03.161;240999;30.000;55.690
20:34:03.266;241099;30.000;55.429
20:34:03.269;241199;30.000;55.324
20:34:03.371;241299;30.000;53.492
20:34:03.480;241399;30.000;55.821
20:34:03.592;241499;30.000;53.723
20:34:03.704;241599;30.000;53.710
20:34:03.814;241699;30.000;55.153
20:34:03.925;241799;30.000;53.378
20:34:04.034;241900;30.000;52.132
20:34:04.144;241999;30.000;53.782
20:34:04.256;242099;30.000;54.598
20:34:04.368;242199;30.000;53.199
20:34:04.372;242299;30.000;52.510
20:34:04.479;242399;30.000;51.877
20:34:04.591;242499;30.000;53.130
20:34:04.701;242599;30.000;52.228
20:34:04.810;242699;30.000;52.588
20:34:04.921;242799;30.000;50.899
20:34:05.031;242899;30.000;52.424
20:34:05.136;242999;30.000;50.979
20:34:05.241;243099;30.000;49.443
20:34:05.346;243199;30.000;48.872
20:34:05.455;243299;30.000;49.741
20:34:05.561;243399;30.000;48.486
20:34:05.666;243499;30.000;48.701
20:34:05.671;243599;30.000;50.985
20:34:05.786;243699;30.000;51.049
20:34:05.890;243799;30.000;50.773
20:34:05.998;243899;30.000;48.738
20:34:06.106;243999;30.000;48.748
20:34:06.216;244099;30.000;48.240
20:34:06.321;244199;30.000;50.741
20:34:06.428;244299;30.000;49.756
20:34:06.536;244399;30.000;47.762
20:34:06.644;244499;30.000;48.383
20:34:06.751;244599;30.000;46.729
20:34:06.856;244699;30.000;48.615
20:34:06.961;244799;30.000;48.551
20:34:07.067;244899;30.000;48.235
20:34:07.069;244999;30.000;45.027
20:34:07.175;245099;30.000;47.944
20:34:07.281;245199;30.000;47.277
20:34:07.390;245299;30.000;45.753
20:34:07.496;245399;30.000;47.250
20:34:07.604;245499;30.000;45.305
20:34:07.716;245599;30.000;47.353
20:34:07.828;245699;30.000;46.127
20:34:07.936;245799;30.000;45.010
20:34:08.046;245899;30.000;46.398
20:34:08.154;245999;30.000;47.828
20:34:08.265;246099;30.000;46.394
20:34:08.267;246199;30.000;44.372
20:34:08.377;246299;30.000;47.664
20:34:08.485;246399;30.000;47.353
20:34:08.591;246499;30.000;45.574
20:34:08.696;246599;30.000;47.095
20:34:08.802;246700;30.000;46.000
20:34:08.910;246799;30.000;44.982
20:34:09.016;246899;30.000;44.582
20:34:09.124;246999;30.000;47.513
20:34:09.237;247099;30.000;43.878
20:34:09.345;247199;30.000;46.332
20:34:09.457;247299;30.000;44.648
20:34:09.569;247399;30.000;46.651
20:34:09.571;247499;30.000;46.781
20:34:09.675;247599;30.000;42.766
20:34:09.781;247699;30.000;44.934
20:34:09.890;247799;30.000;45.946
20:34:09.996;247899;30.000;43.417
20:34:10.101;247999;30.000;44.882
20:34:10.211;248099;30.000;44.744
20:34:10.322;248199;30.000;43.980
20:34:10.432;248299;30.000;43.766
20:34:10.536;248399;30.000;43.339
20:34:10.643;248499;30.000;43.525
20:34:10.754;248599;30.000;44.578
20:34:10.866;248699;30.000;43.828
20:34:10.867;248799;30.000;43.679
20:34:10.979;248899;30.000;44.845
20:34:11.090;248999;30.000;43.964
20:34:11.201;249099;30.000;44.567
20:34:11.306;249199;30.000;42.572
20:34:11.411;249299;30.000;43.051
20:34:11.520;249399;30.000;44.716
20:34:11.626;249499;30.000;44.576
20:34:11.738;249599;30.000;44.315
20:34:11.850;249699;30.000;43.970
20:34:11.962;249799;30.000;44.451
20:34:12.073;249899;30.000;44.078
20:34:12.075;249999;30.000;43.880
20:34:12.181;250099;30.000;41.953
20:34:12.293;250199;30.000;43.059
20:34:12.404;250299;30.000;43.078
20:34:12.515;250399;30.000;43.933
20:34:12.620;250499;30.000;44.414
20:34:12.730;250599;30.000;45.534
20:34:12.838;250699;30.000;44.407
20:34:12.949;250799;30.000;43.424
20:34:13.055;250899;30.000;46.188
20:34:13.166;250999;30.000;46.772
20:34:13.169;251099;30.000;43.235
20:34:13.272;251199;30.000;45.139
20:34:13.381;251299;30.000;43.103
20:34:13.488;251399;30.000;43.685
20:34:13.598;251499;30.000;45.083
20:34:13.706;251599;30.000;43.602
20:34:13.811;251699;30.000;44.089
20:34:13.920;251799;30.000;44.180
20:34:14.026;251899;30.000;44.078
20:34:14.132;251999;30.000;44.200
20:34:14.242;252099;30.000;44.304
20:34:14.346;252199;30.000;43.033
20:34:14.451;252299;30.000;45.582
20:34:14.556;252399;30.000;43.645
20:34:14.661;252499;30.000;42.893
20:34:14.768;252599;30.000;43.872
20:34:14.772;252699;30.000;43.112
20:34:14.880;252799;30.000;45.842
20:34:14.992;252899;30.000;43.085
20:34:15.102;252999;30.000;43.710
20:34:15.209;253099;30.000;43.497
20:34:15.317;253199;30.000;44.947
20:34:15.427;253299;30.000;45.589
20:34:15.538;253399;30.000;45.197
20:34:15.650;253499;30.000;42.813
20:34:15.760;253599;30.000;46.354
20:34:15.872;253699;30.000;44.340
20:34:15.876;253799;30.000;43.978
20:34:15.980;253899;30.000;43.340
20:34:16.093;253999;30.000;42.940
20:34:16.200;254099;30.000;43.940
20:34:16.310;254199;30.000;44.143
20:34:16.415;254299;30.000;44.665
20:34:16.522;254399;30.000;45.721
20:34:16.631;254499;30.000;42.406
20:34:16.736;254599;30.000;44.076
20:34:16.845;254699;30.000;45.916
20:34:16.957;254799;30.000;43.125
20:34:17.068;254899;30.000;44.252
20:34:17.070;254999;30.000;44.656
20:34:17.178;255099;30.000;44.413
20:34:17.287;255199;30.000;44.032
20:34:17.396;255299;30.000;45.170
20:34:17.506;255399;30.000;45.155
20:34:17.611;255499;30.000;45.369
20:34:17.718;255599;30.000;42.339
20:34:17.827;255699;30.000;42.854
20:34:17.936;255799;30.000;43.085
20:34:18.047;255900;30.000;43.054
20:34:18.159;255999;30.000;43.543
20:34:18.271;256099;30.000;42.664
20:34:18.273;256199;30.000;43.221
20:34:18.383;256299;30.000;42.608
20:34:18.493;256399;30.000;43.701
20:34:18.605;256499;30.000;45.382
20:34:18.714;256599;30.000;42.779
20:34:18.825;256699;30.000;43.903
20:34:18.935;256799;30.000;42.836
20:34:19.041;256899;30.000;43.440
20:34:19.146;256999;30.000;42.703
20:34:19.254;257099;30.000;43.004
20:34:19.363;257199;30.000;44.257
20:34:19.365;257299;30.000;42.630
20:34:19.472;257399;30.000;45.097
20:34:19.580;257499;30.000;45.507
20:34:19.689;257599;30.000;44.129
20:34:19.799;257699;30.000;44.417
20:34:19.909;257799;30.000;43.741
20:34:20.021;257899;30.000;44.245
20:34:20.132;257999;30.000;43.287
20:34:20.244;258099;30.000;45.427
20:34:20.356;258199;30.000;42.937
20:34:20.466;258299;30.000;43.685
20:34:20.469;258399;0.000;43.279
20:34:20.576;258499;0.000;45.028
20:34:20.681;258599;0.000;42.837
20:34:20.786;258699;0.000;42.062
20:34:20.891;258799;0.000;39.830
20:34:21.002;258899;0.000;39.320
20:34:21.112;258999;0.000;37.381
20:34:21.224;259099;0.000;37.397
20:34:21.334;259199;0.000;36.986
20:34:21.443;259299;0.000;37.637
20:34:21.555;259399;0.000;35.471
20:34:21.666;259499;0.000;38.557
20:34:21.669;259599;0.000;36.550
20:34:21.771;259699;0.000;36.808
20:34:21.877;259799;0.000;36.518
20:34:21.985;259899;0.000;33.280
20:34:22.095;259999;0.000;35.387
20:34:22.206;260099;0.000;33.188
20:34:22.318;260199;0.000;32.848
20:34:22.428;260299;0.000;34.051
20:34:22.538;260399;0.000;31.611
20:34:22.647;260499;0.000;31.742
20:34:22.760;260599;0.000;31.267
20:34:22.869;260699;0.000;32.539
20:34:22.873;260799;0.000;32.414
20:34:22.979;260899;0.000;31.083
20:34:23.086;260999;0.000;30.263
20:34:23.191;261099;0.000;27.484
20:34:23.296;261199;0.000;29.036
20:34:23.401;261299;0.000;28.555
20:34:23.506;261399;0.000;29.981
20:34:23.616;261499;0.000;26.929
20:34:23.726;261599;0.000;27.048
20:34:23.836;261699;0.000;25.512
20:34:23.944;261799;0.000;25.691
20:34:24.053;261899;0.000;26.042
20:34:24.162;261999;0.000;26.980
20:34:24.274;262099;0.000;26.199
20:34:24.276;262199;0.000;27.465
20:34:24.384;262299;0.000;26.689
20:34:24.496;262399;0.000;24.762
20:34:24.607;262499;0.000;24.558
20:34:24.719;262599;0.000;23.857
20:34:24.831;262699;0.000;23.737
20:34:24.942;262799;0.000;25.825
20:34:25.054;262899;0.000;25.076
20:34:25.166;262999;0.000;24.316
20:34:25.169;263099;0.000;22.966
20:34:25.277;263199;0.000;22.520
20:34:25.388;263299;0.000;22.471
20:34:25.499;263399;0.000;21.571
20:34:25.611;263499;0.000;22.145
20:34:25.722;263599;0.000;21.284
20:34:25.831;263699;0.000;21.491
20:34:25.944;263799;0.000;21.226
20:34:26.054;263899;0.000;20.055
20:34:26.161;263999;0.000;21.658
20:34:26.272;264099;0.000;21.043
20:34:26.274;264199;0.000;20.005
20:34:26.383;264299;0.000;21.223
20:34:26.494;264399;0.000;21.280
20:34:26.605;264499;0.000;20.312
20:34:26.711;264599;0.000;19.679
20:34:26.818;264699;0.000;19.208
20:34:26.926;264799;0.000;18.821
20:34:27.036;264899;0.000;21.451
20:34:27.141;265000;0.000;19.199
20:34:27.245;265099;0.000;19.363
20:34:27.350;265199;0.000;19.116
20:34:27.456;265299;0.000;20.285
20:34:27.567;265399;0.000;18.738
20:34:27.569;265499;0.000;17.219
20:34:27.678;265599;0.000;19.128
20:34:27.790;265699;0.000;18.406
20:34:27.900;265799;0.000;17.749
20:34:28.010;265899;0.000;20.628
20:34:28.121;265999;0.000;21.115
20:34:28.226;266099;0.000;16.379
20:34:28.335;266199;0.000;16.631
20:34:28.447;266299;0.000;15.813
20:34:28.560;266399;0.000;17.662
20:34:28.671;266499;0.000;16.138
20:34:28.674;266599;0.000;15.481
20:34:28.780;266699;0.000;17.199
20:34:28.892;266799;0.000;15.493
20:34:29.003;266899;0.000;15.307
20:34:29.115;266999;0.000;16.157
20:34:29.227;267099;0.000;16.194
20:34:29.338;267199;0.000;14.898
20:34:29.449;267299;0.000;15.534
20:34:29.561;267399;0.000;16.127
20:34:29.670;267499;0.000;15.980
20:34:29.672;267599;0.000;18.188
20:34:29.777;267699;0.000;15.600
20:34:29.888;267799;0.000;17.108
20:34:29.999;267899;0.000;15.347
20:34:30.111;267999;0.000;14.805
20:34:30.219;268099;0.000;14.693
20:34:30.331;268199;0.000;14.552
20:34:30.440;268299;0.000;15.640
20:34:30.551;268399;0.000;15.548
20:34:30.660;268499;0.000;15.567
20:34:30.770;268599;0.000;15.568
20:34:30.774;268699;0.000;16.129
20:34:30.876;268799;0.000;14.837
20:34:30.981;268899;0.000;16.023
20:34:31.086;268999;0.000;16.222
20:34:31.191;269099;0.000;16.142
20:34:31.301;269199;0.000;15.067
20:34:31.410;269299;0.000;14.414
20:34:31.516;269399;0.000;14.776
20:34:31.621;269499;0.000;14.935
20:34:31.727;269599;0.000;15.764
20:34:31.839;269699;0.000;15.911
20:34:31.950;269799;0.000;14.912
20:34:32.061;269899;0.000;15.609
20:34:32.169;269999;0.000;14.881
20:34:32.173;270099;0.000;17.289
20:34:32.279;270199;0.000;15.410
20:34:32.386;270299;0.000;14.426
20:34:32.491;270399;0.000;14.265
20:34:32.596;270499;0.000;14.952
20:34:32.704;270599;0.000;14.605
20:34:32.812;270699;0.000;14.639
20:34:32.921;270799;0.000;14.326
20:34:33.028;270899;0.000;14.065
20:34:33.136;270999;0.000;14.791
20:34:33.241;271099;0.000;15.562
20:34:33.350;271199;0.000;14.365
20:34:33.459;271299;0.000;14.569
20:34:33.570;271399;0.000;15.125
20:34:33.572;271499;0.000;15.649
20:34:33.680;271599;0.000;16.839
20:34:33.790;271699;0.000;15.162
20:34:33.900;271799;0.000;16.682
20:34:34.010;271899;0.000;15.240
20:34:34.122;271999;0.000;16.904
20:34:34.234;272099;0.000;14.218
20:34:34.341;272199;0.000;15.253
20:34:34.450;272299;0.000;15.029
20:34:34.560;272399;0.000;14.048
20:34:34.669;272499;0.000;16.854
20:34:34.672;272599;0.000;15.152
20:34:34.778;272699;0.000;14.387
20:34:34.885;272799;0.000;15.287
20:34:34.993;272899;0.000;14.298
20:34:35.104;272999;0.000;16.180
20:34:35.216;273099;0.000;14.579
20:34:35.326;273199;0.000;13.969
20:34:35.437;273299;0.000;14.971
20:34:35.546;273399;0.000;13.972
20:34:35.658;273499;0.000;14.133
20:34:35.770;273599;0.000;14.327
20:34:35.773;273699;0.000;14.469
20:34:35.881;273799;0.000;14.153
20:34:35.986;273899;0.000;13.977
20:34:36.091;273999;0.000;14.366
20:34:36.196;274099;0.000;14.665
20:34:36.301;274199;0.000;14.641
20:34:36.408;274299;0.000;15.802
20:34:36.520;274399;0.000;14.105
20:34:36.632;274499;0.000;15.391
20:34:36.742;274599;0.000;14.206
20:34:36.852;274699;0.000;13.854
20:34:36.964;274799;0.000;13.947
20:34:36.966;274899;0.000;16.273
20:34:37.073;274999;0.000;14.371
20:34:37.180;275099;0.000;13.942
20:34:37.292;275199;0.000;15.199
20:34:37.404;275299;0.000;16.781
20:34:37.511;275399;0.000;14.238
20:34:37.616;275499;0.000;14.857
20:34:37.721;275599;0.000;14.383
20:34:37.826;275699;0.000;15.012
20:34:37.932;275799;0.000;16.860
20:34:38.043;275899;0.000;15.198
20:34:38.154;275999;0.000;15.037
20:34:38.261;276099;0.000;13.997
20:34:38.370;276199;0.000;16.575
20:34:38.372;276299;0.000;15.687
20:34:38.481;276399;0.000;14.245
20:34:38.592;276499;0.000;15.182
20:34:38.702;276599;0.000;17.062
20:34:38.814;276699;0.000;14.579
20:34:38.924;276799;0.000;14.328
20:34:39.035;276899;0.000;14.425
20:34:39.147;276999;0.000;14.111
20:34:39.259;277099;0.000;14.820
20:34:39.367;277199;0.000;14.706
20:34:39.371;277299;0.000;14.303
20:34:39.476;277399;0.000;15.225
20:34:39.588;277499;0.000;14.433
20:34:39.699;277599;0.000;14.931
20:34:39.809;277699;0.000;17.163
20:34:39.919;277799;0.000;14.437
20:34:40.030;277899;0.000;13.941
20:34:40.139;277999;0.000;15.333
20:34:40.249;278099;0.000;14.757
20:34:40.361;278199;0.000;16.404
20:34:40.471;278299;0.000;15.855
20:34:40.473;278399;0.000;14.315
20:34:40.581;278499;0.000;14.510
20:34:40.691;278599;0.000;14.010
20:34:40.799;278699;0.000;14.239
20:34:40.909;278799;0.000;14.751
20:34:41.019;278899;0.000;14.629
