06:48.3;RX;0;0;0;0
06:48.3;RX;0;0;0;0
06:48.3;RX;0;0;0;0
06:48.3;RX;0;0;0;0
06:48.3;RX;0;0;0;0
06:48.3;RX;0;0;0;0
06:48.3;RX;0;0;0;0
06:48.4;RX;0;0;0;0
06:48.4;RX;0;0;0;0
06:48.4;RX;0;0;0;0
06:48.4;RX;0;0;0;0
06:48.4;RX;0;0;0;0
06:48.4;RX;0;0;0;0
06:48.4;RX;0;0;0;0
06:48.4;RX;0;0;0;0
06:48.4;RX;0;0;0;0
06:48.4;RX;0;0;0;0
06:48.4;RX;0;0;0;0
06:48.4;RX;0;0;0;0
06:48.4;RX;0;0;0;0
06:48.4;RX;0;0;0;0
06:48.4;RX;0;0;0;0
06:48.4;RX;0;0;0;0
06:48.4;RX;0;0;0;0
06:48.4;RX;0;0;0;0
06:48.4;RX;48299;0;0;0
06:48.4;RX;48299;0;0;0
06:48.4;RX;48299;0;0;0
06:48.4;RX;48299;0;0;0
06:48.4;RX;48299;0;0;0
06:48.4;RX;48299;0;0;0
06:48.4;RX;48299;0;0;0
06:48.4;RX;48299;0;0;0
06:48.4;RX;48299;0;0;0
06:48.4;RX;48299;0;0;0
06:48.4;RX;48299;0;0;0
06:48.4;RX;48299;0;0;0
06:48.4;RX;48299;0;0;0
06:48.4;RX;48299;0;0;0
06:48.5;RX;48299;0;0;0
06:48.6;RX;48299;0;0;0
06:48.6;RX;48399;0;0;0.1
06:48.6;RX;48499;0;0;0.2
06:48.6;RX;48599;0;0;0.3
06:48.6;RX;48700;0;0;0.401
06:48.6;RX;48799;0;0;0.5
06:48.6;RX;48899;0;0;0.6
06:48.6;RX;48999;0;0;0.7
06:48.7;RX;49099;0;0;0.8
06:48.7;RX;49199;0;0;0.9
06:48.8;RX;49299;0;0;1
06:48.9;RX;49399;0;0;1.1
06:49.0;RX;49499;0;0;1.2
06:49.1;RX;49599;0;0;1.3
06:49.2;RX;49699;0;0;1.4
06:49.4;RX;49800;0;0;1.501
06:49.5;RX;49899;0;0;1.6
06:49.6;RX;49999;0;0;1.7
06:49.7;RX;50100;0;0;1.801
06:49.7;RX;50199;0;0;1.9
06:49.8;RX;50299;0;0;2
06:49.9;RX;50399;0;0;2.1
06:50.0;RX;50499;0;0;2.2
06:50.1;RX;50599;0;0;2.3
06:50.2;RX;50699;0;0;2.4
06:50.3;RX;50799;0;0;2.5
06:50.4;RX;50899;0;0;2.6
06:50.6;RX;50999;0;0;2.7
06:50.7;RX;51099;0;0;2.8
06:50.8;RX;51199;0;0;2.9
06:50.9;RX;51299;0;0;3
06:51.0;RX;51399;0;0;3.1
06:51.0;RX;51499;0;0;3.2
06:51.1;RX;51599;0;0;3.3
06:51.2;RX;51699;0;0;3.4
06:51.3;RX;51799;0;0;3.5
06:51.4;RX;51899;0;0;3.6
06:51.5;RX;51999;0;0;3.7
06:51.6;RX;52099;0;0;3.8
06:51.8;RX;52199;0;0;3.9
06:51.9;RX;52299;0;0;4
06:52.0;RX;52399;0;0;4.1
06:52.1;RX;52499;0;0;4.2
06:52.1;RX;52599;0;0;4.3
06:52.2;RX;52699;0;0;4.4
06:52.3;RX;52799;30;1.069;4.5
06:52.4;RX;52899;30;1.175;4.6
06:52.5;RX;52999;30;1.7;4.7
06:52.7;RX;53099;30;1.8;4.8
06:52.8;RX;53199;30;4.02;4.9
06:52.9;RX;53299;30;5.205;5
06:53.0;RX;53399;30;5.441;5.1
06:53.1;RX;53499;30;9.361;5.2
06:53.1;RX;53599;30;7.249;5.3
06:53.2;RX;53699;30;8.455;5.4
06:53.3;RX;53799;30;9.621;5.5
06:53.4;RX;53899;30;11.002;5.6
06:53.5;RX;53999;30;11.13;5.7
06:53.6;RX;54099;30;11.695;5.8
06:53.8;RX;54199;30;12.188;5.9
06:53.9;RX;54299;30;12.775;6
06:54.0;RX;54399;30;13.769;6.1
06:54.1;RX;54499;30;14.185;6.2
06:54.2;RX;54599;30;14.863;6.3
06:54.2;RX;54699;30;14.534;6.4
06:54.3;RX;54799;30;15.927;6.5
06:54.4;RX;54899;30;16.323;6.6
06:54.5;RX;54999;30;16.032;6.7
06:54.6;RX;55099;30;17.22;6.8
06:54.7;RX;55199;30;18.22;6.9
06:54.9;RX;55300;30;17.256;7.001
06:55.0;RX;55399;30;18.332;7.1
06:55.1;RX;55499;30;18.699;7.2
06:55.2;RX;55599;30;19.225;7.3
06:55.3;RX;55700;30;19.199;7.401
06:55.3;RX;55799;30;19.795;7.5
06:55.4;RX;55899;30;19.87;7.6
06:55.5;RX;55999;30;20.124;7.7
06:55.6;RX;56100;30;20.292;7.801
06:55.7;RX;56199;30;19.776;7.9
06:55.8;RX;56299;30;20.521;8
06:55.9;RX;56399;30;21.274;8.1
06:56.0;RX;56500;30;20.624;8.201
06:56.2;RX;56599;30;21.61;8.3
06:56.3;RX;56699;30;21.807;8.4
06:56.4;RX;56799;30;21.866;8.5
06:56.5;RX;56900;30;21.731;8.601
06:56.6;RX;56999;30;22.011;8.7
06:56.7;RX;57099;30;22.685;8.8
06:56.8;RX;57199;30;22.659;8.9
06:56.8;RX;57299;30;22.053;9
06:56.9;RX;57399;30;23.687;9.1
06:57.0;RX;57499;30;23.259;9.2
06:57.1;RX;57599;30;23.482;9.3
06:57.2;RX;57699;30;23.243;9.4
06:57.3;RX;57799;30;22.462;9.5
06:57.5;RX;57899;30;23.419;9.6
06:57.6;RX;57999;30;23.354;9.7
06:57.7;RX;58099;30;23.792;9.8
06:57.8;RX;58199;30;23.956;9.9
06:57.9;RX;58299;30;23.299;10
06:57.9;RX;58399;30;23.699;10.1
06:58.0;RX;58499;30;23.528;10.2
06:58.1;RX;58599;30;23.924;10.3
06:58.2;RX;58699;30;24.065;10.4
06:58.3;RX;58799;30;23.275;10.5
06:58.4;RX;58899;30;23.706;10.6
06:58.6;RX;58999;30;24.961;10.7
06:58.7;RX;59099;30;23.728;10.8
06:58.8;RX;59199;30;24.088;10.9
06:58.9;RX;59299;30;23.711;11
06:58.9;RX;59400;30;24.512;11.101
06:59.0;RX;59499;30;22.725;11.2
06:59.1;RX;59599;30;23.215;11.3
06:59.2;RX;59699;30;22.05;11.4
06:59.3;RX;59799;30;24.492;11.5
06:59.4;RX;59899;30;24.214;11.6
06:59.5;RX;59999;30;22.692;11.7
06:59.6;RX;60099;30;25.98;11.8
06:59.8;RX;60199;30;24.376;11.9
06:59.9;RX;60299;30;22.017;12
07:00.0;RX;60399;30;24;12.1
07:00.1;RX;60499;30;23.474;12.2
07:00.2;RX;60599;30;23.755;12.3
07:00.2;RX;60699;30;23.472;12.4
07:00.3;RX;60799;30;23.945;12.5
07:00.4;RX;60899;30;23.626;12.6
07:00.5;RX;60999;30;23.723;12.7
07:00.6;RX;61099;30;23.973;12.8
07:00.7;RX;61199;30;23.49;12.9
07:00.8;RX;61299;30;23.563;13
07:00.9;RX;61399;30;24.077;13.1
07:01.0;RX;61499;30;23.697;13.2
07:01.1;RX;61599;30;23.371;13.3
07:01.3;RX;61699;30;23.762;13.4
07:01.4;RX;61799;30;23.75;13.5
07:01.5;RX;61899;30;23.853;13.6
07:01.6;RX;61999;30;22.701;13.7
07:01.7;RX;62099;30;24.368;13.8
07:01.7;RX;62199;30;22.444;13.9
07:01.8;RX;62299;30;24.01;14
07:01.9;RX;62399;30;23.951;14.1
07:02.0;RX;62499;30;24.202;14.2
07:02.1;RX;62599;30;24.385;14.3
07:02.2;RX;62699;30;25.21;14.4
07:02.4;RX;62799;30;24.207;14.5
07:02.5;RX;62899;30;23.804;14.6
07:02.6;RX;63000;30;23.646;14.701
07:02.7;RX;63099;30;23.651;14.8
07:02.8;RX;63199;30;23.696;14.9
07:02.9;RX;63299;30;23.808;15
07:02.9;RX;63399;80;24.745;15.1
07:03.0;RX;63499;80;26.425;15.2
07:03.1;RX;63599;80;28.029;15.3
07:03.2;RX;63699;80;30.004;15.4
07:03.3;RX;63799;80;32.761;15.5
07:03.4;RX;63899;80;35.398;15.6
07:03.6;RX;63999;80;38.249;15.7
07:03.7;RX;64099;80;39.105;15.8
07:03.8;RX;64199;80;40.922;15.9
07:03.9;RX;64299;80;42.512;16
07:03.9;RX;64400;80;45.741;16.101
07:04.0;RX;64499;80;45.57;16.2
07:04.1;RX;64599;80;48.206;16.3
07:04.2;RX;64699;80;48.068;16.4
07:04.3;RX;64799;80;50.144;16.5
07:04.4;RX;64899;80;52.163;16.6
07:04.6;RX;64999;80;51.705;16.7
07:04.7;RX;65099;80;54.11;16.8
07:04.8;RX;65199;80;54.542;16.9
07:04.9;RX;65299;80;54.856;17
07:05.0;RX;65399;80;59.462;17.1
07:05.0;RX;65499;80;58.592;17.2
07:05.1;RX;65599;80;59.506;17.3
07:05.2;RX;65699;80;59.468;17.4
07:05.3;RX;65799;80;62.593;17.5
07:05.4;RX;65899;80;61.143;17.6
07:05.5;RX;65999;80;62.421;17.7
07:05.7;RX;66099;80;63.318;17.8
07:05.8;RX;66199;80;63.68;17.9
07:05.9;RX;66299;80;65.419;18
07:06.0;RX;66399;80;64.818;18.1
07:06.0;RX;66499;80;65.457;18.2
07:06.1;RX;66599;80;64.166;18.3
07:06.2;RX;66699;80;66.823;18.4
07:06.3;RX;66799;80;67.076;18.5
07:06.4;RX;66899;80;67.003;18.6
07:06.5;RX;66999;80;68.289;18.7
07:06.7;RX;67099;80;67.359;18.8
07:06.8;RX;67199;80;68.443;18.9
07:06.9;RX;67299;80;67.143;19
07:07.0;RX;67400;80;69.34;19.101
07:07.1;RX;67499;80;68.863;19.2
07:07.1;RX;67599;80;70.271;19.3
07:07.2;RX;67699;80;71.046;19.4
07:07.3;RX;67799;80;70.999;19.5
07:07.4;RX;67899;80;70.555;19.6
07:07.5;RX;67999;80;71.486;19.7
07:07.6;RX;68100;80;71.228;19.801
07:07.8;RX;68199;80;71.493;19.9
07:07.9;RX;68299;80;71.399;20
07:08.0;RX;68399;80;73.042;20.1
07:08.1;RX;68500;80;73.035;20.201
07:08.1;RX;68599;80;73.415;20.3
07:08.2;RX;68699;80;72.739;20.4
07:08.3;RX;68799;80;74.006;20.5
07:08.4;RX;68899;80;73.348;20.6
07:08.5;RX;68999;80;73.066;20.7
07:08.7;RX;69099;80;73.751;20.8
07:08.8;RX;69199;80;74.294;20.9
07:08.9;RX;69299;80;74.388;21
07:09.0;RX;69399;80;72.035;21.1
07:09.1;RX;69499;80;75.433;21.2
07:09.1;RX;69599;80;74.813;21.3
07:09.2;RX;69699;80;74.179;21.4
07:09.3;RX;69799;80;74.415;21.5
07:09.4;RX;69899;80;74.106;21.6
07:09.5;RX;69999;80;75.213;21.7
07:09.6;RX;70099;80;74.025;21.8
07:09.8;RX;70199;80;74.045;21.9
07:09.9;RX;70299;80;75.269;22
07:10.0;RX;70399;80;74.116;22.1
07:10.1;RX;70499;80;71.171;22.2
07:10.1;RX;70599;80;74.831;22.3
07:10.2;RX;70699;80;73.952;22.4
07:10.3;RX;70799;80;77.374;22.5
07:10.4;RX;70899;80;74.842;22.6
07:10.5;RX;70999;80;71.802;22.7
07:10.6;RX;71099;80;75.369;22.8
07:10.8;RX;71199;80;74.589;22.9
07:10.9;RX;71299;80;74.354;23
07:11.0;RX;71399;80;76.568;23.1
07:11.1;RX;71499;80;75.2;23.2
07:11.2;RX;71599;80;74.079;23.3
07:11.3;RX;71699;80;75.732;23.4
07:11.3;RX;71799;80;75.493;23.5
07:11.4;RX;71899;80;72.849;23.6
07:11.5;RX;71999;80;74.497;23.7
07:11.6;RX;72099;80;74.149;23.8
07:11.7;RX;72199;80;76.16;23.9
07:11.8;RX;72299;80;75.091;24
07:12.0;RX;72399;80;74.908;24.1
07:12.1;RX;72499;80;76.03;24.2
07:12.2;RX;72599;80;76.04;24.3
07:12.3;RX;72699;80;72.194;24.4
07:12.4;RX;72799;80;75.695;24.5
07:12.4;RX;72899;80;75.287;24.6
07:12.5;RX;72999;80;73.751;24.7
07:12.6;RX;73099;80;74.725;24.8
07:12.7;RX;73199;80;74.93;24.9
07:12.8;RX;73299;80;75.083;25
07:13.0;RX;73399;80;75.456;25.1
07:13.1;RX;73499;80;75.974;25.2
07:13.2;RX;73599;80;76.94;25.3
07:13.3;RX;73699;80;75.452;25.4
07:13.4;RX;73799;80;75.867;25.5
07:13.4;RX;73899;80;74.734;25.6
07:13.5;RX;73999;80;74.93;25.7
07:13.6;RX;74099;80;74.316;25.8
07:13.7;RX;74199;80;74.844;25.9
07:13.8;RX;74299;80;74.635;26
07:13.9;RX;74399;80;75.632;26.1
07:14.1;RX;74499;80;75.423;26.2
07:14.2;RX;74599;80;74.537;26.3
07:14.3;RX;74699;80;75.527;26.4
07:14.4;RX;74799;80;74.968;26.5
07:14.4;RX;74899;80;75.428;26.6
07:14.5;RX;74999;80;74.189;26.7
07:14.6;RX;75099;80;74.811;26.8
07:14.7;RX;75199;80;75.76;26.9
07:14.8;RX;75299;80;73.141;27
07:14.9;RX;75399;80;72.464;27.1
07:15.0;RX;75499;80;75.527;27.2
07:15.1;RX;75599;80;73.932;27.3
07:15.3;RX;75699;80;75.288;27.4
07:15.4;RX;75799;80;73;27.5
07:15.5;RX;75899;80;74.707;27.6
07:15.6;RX;75999;80;73.404;27.7
07:15.7;RX;76099;80;73.894;27.8
07:15.7;RX;76199;80;75.15;27.9
07:15.8;RX;76299;80;75.096;28
07:15.9;RX;76399;80;75.865;28.1
07:16.0;RX;76499;80;75.712;28.2
07:16.1;RX;76599;120;75.82;28.3
07:16.2;RX;76699;120;78.932;28.4
07:16.4;RX;76800;120;80.394;28.501
07:16.5;RX;76899;120;82.345;28.6
07:16.6;RX;76999;120;84.295;28.7
07:16.7;RX;77099;120;86.185;28.8
07:16.8;RX;77199;120;87.07;28.9
07:16.8;RX;77299;120;86.196;29
07:16.9;RX;77399;120;90.108;29.1
07:17.0;RX;77499;120;90.902;29.2
07:17.1;RX;77599;120;93.253;29.3
07:17.2;RX;77699;120;93.074;29.4
07:17.4;RX;77799;120;92.191;29.5
07:17.5;RX;77899;120;97.282;29.6
07:17.6;RX;77999;120;95.745;29.7
07:17.7;RX;78099;120;95.363;29.8
07:17.8;RX;78199;120;98.927;29.9
07:17.8;RX;78299;120;99.612;30
07:17.9;RX;78399;120;101.476;30.1
07:18.0;RX;78499;120;101.861;30.2
07:18.1;RX;78599;120;102.842;30.3
07:18.2;RX;78699;120;103.689;30.4
07:18.3;RX;78800;120;104.301;30.501
07:18.4;RX;78899;120;105.337;30.6
07:18.5;RX;79000;120;105.359;30.701
07:18.7;RX;79099;120;104.738;30.8
07:18.8;RX;79199;120;105.894;30.9
07:18.9;RX;79299;120;107.807;31
07:19.0;RX;79399;120;108.355;31.1
07:19.1;RX;79499;120;107.92;31.2
07:19.2;RX;79599;120;107.731;31.3
07:19.3;RX;79699;120;109.254;31.4
07:19.3;RX;79799;120;109.545;31.5
07:19.4;RX;79899;120;109.805;31.6
07:19.5;RX;79999;120;109.822;31.7
07:19.6;RX;80099;120;111.337;31.8
07:19.7;RX;80199;120;110.703;31.9
07:19.8;RX;80299;120;110.957;32
07:20.0;RX;80399;120;112.75;32.1
07:20.1;RX;80499;120;110.286;32.2
07:20.2;RX;80599;120;113.569;32.3
07:20.3;RX;80699;120;112.638;32.4
07:20.4;RX;80799;120;113.433;32.5
07:20.4;RX;80899;120;113.523;32.6
07:20.5;RX;80999;120;112.716;32.7
07:20.6;RX;81099;120;113.378;32.8
07:20.7;RX;81199;120;114.584;32.9
07:20.8;RX;81299;120;114.25;33
07:20.9;RX;81399;120;114.051;33.1
07:21.0;RX;81499;120;113.896;33.2
07:21.1;RX;81599;120;115.702;33.3
07:21.3;RX;81699;120;115.872;33.4
07:21.4;RX;81800;120;115.424;33.501
07:21.5;RX;81899;120;115.905;33.6
07:21.6;RX;81999;120;115.936;33.7
07:21.6;RX;82099;120;115.645;33.8
07:21.7;RX;82199;120;115.617;33.9
07:21.8;RX;82299;120;116.071;34
07:21.9;RX;82399;120;115.854;34.1
07:22.0;RX;82499;120;114.95;34.2
07:22.1;RX;82599;120;115.274;34.3
07:22.3;RX;82699;120;115.431;34.4
07:22.4;RX;82799;120;115.853;34.5
07:22.5;RX;82899;120;116.332;34.6
07:22.6;RX;82999;120;116.159;34.7
07:22.7;RX;83100;120;116.057;34.801
07:22.7;RX;83199;120;117.915;34.9
07:22.8;RX;83299;120;115.367;35
07:22.9;RX;83399;120;116.667;35.1
07:23.0;RX;83499;120;115.406;35.2
07:23.1;RX;83599;120;115.802;35.3
07:23.2;RX;83699;120;115.234;35.4
07:23.3;RX;83799;120;116.323;35.5
07:23.4;RX;83899;120;115.113;35.6
07:23.5;RX;83999;120;115.723;35.7
07:23.7;RX;84099;120;112.277;35.8
07:23.8;RX;84199;120;116.646;35.9
07:23.9;RX;84299;120;114.035;36
07:24.0;RX;84399;120;115.98;36.1
07:24.1;RX;84500;120;114.975;36.201
07:24.2;RX;84599;120;116.676;36.3
07:24.3;RX;84699;120;115.407;36.4
07:24.3;RX;84799;120;113.973;36.5
07:24.4;RX;84899;120;116.171;36.6
07:24.5;RX;84999;120;115.925;36.7
07:24.6;RX;85099;120;114.916;36.8
07:24.7;RX;85199;120;116.265;36.9
07:24.8;RX;85299;120;116.012;37
07:25.0;RX;85399;120;115.087;37.1
07:25.1;RX;85499;120;115.246;37.2
07:25.2;RX;85599;120;115.802;37.3
07:25.3;RX;85699;120;116.175;37.4
07:25.4;RX;85799;120;116.856;37.5
07:25.4;RX;85899;120;115.976;37.6
07:25.5;RX;85999;120;115.747;37.7
07:25.6;RX;86099;120;116.221;37.8
07:25.7;RX;86199;120;116.863;37.9
07:25.8;RX;86299;120;115.351;38
07:26.0;RX;86399;120;116.199;38.1
07:26.1;RX;86499;120;116.638;38.2
07:26.2;RX;86599;120;114.187;38.3
07:26.3;RX;86699;120;116.17;38.4
07:26.4;RX;86799;120;117.412;38.5
07:26.4;RX;86899;120;116.806;38.6
07:26.5;RX;86999;120;114.694;38.7
07:26.6;RX;87099;120;115.598;38.8
07:26.7;RX;87199;120;116.473;38.9
07:26.8;RX;87299;120;115.815;39
07:26.9;RX;87399;120;116.07;39.1
07:27.1;RX;87499;120;115.64;39.2
07:27.2;RX;87599;120;116.204;39.3
07:27.3;RX;87699;120;115.87;39.4
07:27.4;RX;87799;120;115.801;39.5
07:27.5;RX;87899;120;115.471;39.6
07:27.6;RX;87999;120;115.376;39.7
07:27.6;RX;88099;120;115.288;39.8
07:27.7;RX;88199;120;116.842;39.9
07:27.8;RX;88299;120;114.852;40
07:27.9;RX;88399;120;114.986;40.1
07:28.0;RX;88499;120;116.658;40.2
07:28.1;RX;88599;120;115.732;40.3
07:28.2;RX;88699;120;114.221;40.4
07:28.4;RX;88799;120;116.205;40.5
07:28.5;RX;88899;120;115.893;40.6
07:28.6;RX;88999;120;116.676;40.7
07:28.7;RX;89099;120;114.375;40.8
07:28.8;RX;89199;120;115.802;40.9
07:28.8;RX;89299;120;114.413;41
07:28.9;RX;89399;120;114.113;41.1
07:29.0;RX;89499;120;118.943;41.2
07:29.1;RX;89599;120;118.342;41.3
07:29.2;RX;89699;120;115.153;41.4
07:29.4;RX;89799;120;114.283;41.5
07:29.5;RX;89899;120;116.043;41.6
07:29.6;RX;89999;120;115.417;41.7
07:29.7;RX;90099;120;116.116;41.8
07:29.8;RX;90200;120;115.344;41.901
07:29.8;RX;90299;120;115.698;42
07:29.9;RX;90399;120;116.299;42.1
07:30.0;RX;90499;120;115.73;42.2
07:30.1;RX;90599;120;113.013;42.3
07:30.2;RX;90699;120;116.128;42.4
07:30.3;RX;90799;120;116.318;42.5
07:30.4;RX;90899;120;116.045;42.6
07:30.5;RX;90999;120;116.908;42.7
07:30.7;RX;91099;120;116.641;42.8
07:30.8;RX;91199;120;116.781;42.9
07:30.9;RX;91299;120;119.153;43
07:31.0;RX;91399;120;113.296;43.1
07:31.1;RX;91499;120;113.347;43.2
07:31.1;RX;91599;120;116.97;43.3
07:31.2;RX;91699;120;114.651;43.4
07:31.3;RX;91799;120;115.638;43.5
07:31.4;RX;91899;120;116.258;43.6
07:31.5;RX;91999;120;115.785;43.7
07:31.6;RX;92099;150;117.056;43.8
07:31.8;RX;92199;150;117.383;43.9
07:31.9;RX;92299;150;118.898;44
07:32.0;RX;92399;150;120.379;44.1
07:32.1;RX;92499;150;121.232;44.2
07:32.1;RX;92599;150;122.684;44.3
07:32.2;RX;92699;150;123.532;44.4
07:32.3;RX;92799;150;124.081;44.5
07:32.4;RX;92899;150;126.214;44.6
07:32.5;RX;92999;150;127.781;44.7
07:32.6;RX;93099;150;128.125;44.8
07:32.8;RX;93199;150;128.768;44.9
07:32.9;RX;93299;150;129.481;45
07:33.0;RX;93399;150;131.943;45.1
07:33.1;RX;93499;150;133.425;45.2
07:33.1;RX;93600;150;132.948;45.301
07:33.2;RX;93699;150;133.891;45.4
07:33.3;RX;93799;150;133.653;45.5
07:33.4;RX;93899;150;132.57;45.6
07:33.5;RX;93999;150;136.665;45.7
07:33.6;RX;94099;150;135.748;45.8
07:33.7;RX;94199;150;136.545;45.9
07:33.9;RX;94299;150;137.275;46
07:34.0;RX;94399;150;137.978;46.1
07:34.1;RX;94499;150;139.009;46.2
07:34.2;RX;94599;150;138.939;46.3
07:34.3;RX;94699;150;139.559;46.4
07:34.3;RX;94799;150;139.401;46.5
07:34.4;RX;94899;150;140.092;46.6
07:34.5;RX;94999;150;140.253;46.7
07:34.6;RX;95099;150;140.34;46.8
07:34.7;RX;95199;150;140.281;46.9
07:34.8;RX;95299;150;141.005;47
07:34.9;RX;95399;150;140.97;47.1
07:35.1;RX;95499;150;142.117;47.2
07:35.2;RX;95599;150;141.448;47.3
07:35.3;RX;95699;150;142.611;47.4
07:35.4;RX;95799;150;143.062;47.5
07:35.5;RX;95899;150;141.405;47.6
07:35.5;RX;95999;150;142.296;47.7
07:35.6;RX;96099;150;143.182;47.8
07:35.7;RX;96199;150;142.012;47.9
07:35.8;RX;96299;150;144.561;48
07:35.9;RX;96399;150;144.179;48.1
07:36.0;RX;96499;150;143.709;48.2
07:36.1;RX;96599;150;145.992;48.3
07:36.2;RX;96699;150;146.22;48.4
07:36.4;RX;96799;150;143.422;48.5
07:36.5;RX;96899;150;145.186;48.6
07:36.6;RX;96999;150;145.619;48.7
07:36.7;RX;97099;150;144.655;48.8
07:36.8;RX;97199;150;142.516;48.9
07:36.8;RX;97299;150;145.04;49
07:36.9;RX;97399;150;146.194;49.1
07:37.0;RX;97499;150;149.098;49.2
07:37.1;RX;97599;150;147.912;49.3
07:37.2;RX;97699;150;144.274;49.4
07:37.3;RX;97799;150;146.449;49.5
07:37.4;RX;97899;150;146.815;49.6
07:37.6;RX;97999;150;147.594;49.7
07:37.7;RX;98099;150;146.022;49.8
07:37.8;RX;98199;150;147.182;49.9
07:37.9;RX;98299;150;146.594;50
07:38.0;RX;98399;150;147.643;50.1
07:38.1;RX;98499;150;147.375;50.2
07:38.2;RX;98599;150;146.603;50.3
07:38.2;RX;98699;150;146.702;50.4
07:38.3;RX;98799;150;146.357;50.5
07:38.4;RX;98899;150;145.528;50.6
07:38.5;RX;98999;150;148.33;50.7
07:38.6;RX;99100;150;146.678;50.801
07:38.7;RX;99199;150;146.261;50.9
07:38.8;RX;99299;150;144.522;51
07:39.0;RX;99399;150;146.24;51.1
07:39.1;RX;99499;150;146.222;51.2
07:39.2;RX;99599;150;147.449;51.3
07:39.3;RX;99699;150;146.964;51.4
07:39.3;RX;99799;150;146.995;51.5
07:39.4;RX;99899;150;146.225;51.6
07:39.5;RX;99999;150;147.981;51.7
07:39.6;RX;100099;150;147.467;51.8
07:39.7;RX;100199;150;147.609;51.9
07:39.8;RX;100299;150;146.881;52
07:39.9;RX;100399;150;148.551;52.1
07:40.0;RX;100499;150;146.847;52.2
07:40.2;RX;100599;150;147.99;52.3
07:40.3;RX;100699;150;146.529;52.4
07:40.4;RX;100799;150;147.227;52.5
07:40.5;RX;100899;150;148.143;52.6
07:40.6;RX;100999;150;145.536;52.7
07:40.6;RX;101099;150;146.581;52.8
07:40.7;RX;101199;150;146.598;52.9
07:40.8;RX;101299;150;147.147;53
07:40.9;RX;101399;150;148.388;53.1
07:41.0;RX;101499;150;146.799;53.2
07:41.2;RX;101599;150;146.721;53.3
07:41.3;RX;101699;150;147.762;53.4
07:41.4;RX;101799;150;145.756;53.5
07:41.5;RX;101899;150;147.131;53.6
07:41.6;RX;101999;150;147.409;53.7
07:41.7;RX;102099;150;147.921;53.8
07:41.7;RX;102199;150;146.382;53.9
07:41.8;RX;102299;150;147.379;54
07:41.9;RX;102399;150;146.109;54.1
07:42.0;RX;102499;150;148.354;54.2
07:42.1;RX;102599;150;147.668;54.3
07:42.3;RX;102699;150;146.535;54.4
07:42.4;RX;102799;150;146.1;54.5
07:42.5;RX;102899;150;147.325;54.6
07:42.6;RX;102999;150;146.855;54.7
07:42.6;RX;103099;150;147.622;54.8
07:42.7;RX;103199;150;144.144;54.9
07:42.8;RX;103299;150;146.126;55
07:42.9;RX;103399;150;146.685;55.1
07:43.0;RX;103499;150;147.017;55.2
07:43.1;RX;103599;150;146.453;55.3
07:43.3;RX;103699;150;152.262;55.4
07:43.4;RX;103799;150;146.405;55.5
07:43.5;RX;103899;150;147.521;55.6
07:43.6;RX;103999;150;146.583;55.7
07:43.7;RX;104099;150;146.704;55.8
07:43.8;RX;104199;150;145.672;55.9
07:43.8;RX;104299;150;147.492;56
07:43.9;RX;104399;150;147.436;56.1
07:44.0;RX;104499;150;147.727;56.2
07:44.1;RX;104599;150;146.755;56.3
07:44.2;RX;104699;150;146.364;56.4
07:44.3;RX;104799;150;146.056;56.5
07:44.5;RX;104899;150;147.319;56.6
07:44.6;RX;104999;150;147.283;56.7
07:44.7;RX;105099;150;144.306;56.8
07:44.8;RX;105199;150;146.176;56.9
07:44.9;RX;105299;150;148.348;57
07:44.9;RX;105399;150;146.437;57.1
07:45.0;RX;105499;150;147.567;57.2
07:45.1;RX;105599;150;147.988;57.3
07:45.2;RX;105699;150;146.421;57.4
07:45.3;RX;105799;150;147.312;57.5
07:45.4;RX;105899;150;148.024;57.6
07:45.5;RX;105999;150;147.69;57.7
07:45.6;RX;106099;150;146.558;57.8
07:45.7;RX;106199;150;149.46;57.9
07:45.9;RX;106300;150;146.302;58.001
07:46.0;RX;106399;150;146.937;58.1
07:46.1;RX;106499;150;145.302;58.2
07:46.2;RX;106599;150;145.876;58.3
07:46.3;RX;106699;150;148.956;58.4
07:46.4;RX;106799;150;147.434;58.5
07:46.4;RX;106900;150;147.481;58.601
07:46.5;RX;106999;150;147.19;58.7
07:46.6;RX;107099;150;147.631;58.8
07:46.7;RX;107199;150;147.177;58.9
07:46.8;RX;107299;150;147.535;59
07:46.9;RX;107399;150;147.491;59.1
07:47.0;RX;107499;150;147.527;59.2
07:47.2;RX;107599;150;147.666;59.3
07:47.3;RX;107699;150;146.371;59.4
07:47.4;RX;107799;150;147.415;59.5
07:47.5;RX;107899;150;146.292;59.6
07:47.6;RX;107999;150;145.756;59.7
07:47.6;RX;108099;150;147.301;59.8
07:47.7;RX;108199;150;145.627;59.9
07:47.8;RX;108299;150;146.113;60
07:47.9;RX;108399;150;146.381;60.1
07:48.0;RX;108499;150;145.489;60.2
07:48.1;RX;108599;150;147.228;60.3
07:48.3;RX;108699;150;145.798;60.4
07:48.4;RX;108799;150;147.789;60.5
07:48.5;RX;108899;150;145.932;60.6
07:48.6;RX;108999;150;147.053;60.7
07:48.6;RX;109099;150;147.83;60.8
07:48.7;RX;109199;150;145.264;60.9
07:48.8;RX;109299;150;147.864;61
07:48.9;RX;109399;150;147.17;61.1
07:49.0;RX;109499;150;146.267;61.2
07:49.1;RX;109599;150;147.35;61.3
07:49.3;RX;109699;150;148.602;61.4
07:49.4;RX;109799;150;146.822;61.5
07:49.5;RX;109899;150;147.495;61.6
07:49.6;RX;109999;150;146.451;61.7
07:49.7;RX;110099;150;146.32;61.8
07:49.8;RX;110199;150;147.344;61.9
07:49.9;RX;110299;150;145.893;62
07:49.9;RX;110399;150;147.13;62.1
07:50.0;RX;110499;150;146.063;62.2
07:50.1;RX;110599;150;147.982;62.3
07:50.2;RX;110699;150;148.493;62.4
07:50.3;RX;110799;150;146.637;62.5
07:50.4;RX;110899;150;146.305;62.6
07:50.5;RX;110999;150;147.872;62.7
07:50.6;RX;111099;150;146.478;62.8
07:50.8;RX;111200;150;146.639;62.901
07:50.9;RX;111299;180;147.274;63
07:51.0;RX;111399;180;148.706;63.1
07:51.1;RX;111499;180;149.321;63.2
07:51.2;RX;111599;180;149.857;63.3
07:51.2;RX;111699;180;152.368;63.4
07:51.3;RX;111800;180;154.635;63.501
07:51.4;RX;111899;180;154.46;63.6
07:51.5;RX;111999;180;156.121;63.7
07:51.6;RX;112099;180;156.291;63.8
07:51.7;RX;112199;180;157.969;63.9
07:51.9;RX;112299;180;159.897;64
07:52.0;RX;112399;180;160.086;64.1
07:52.1;RX;112499;180;161.127;64.2
07:52.2;RX;112599;180;161.823;64.3
07:52.3;RX;112699;180;162.869;64.4
07:52.3;RX;112799;180;163.995;64.5
07:52.4;RX;112899;180;164.52;64.6
07:52.5;RX;112999;180;164.418;64.7
07:52.6;RX;113099;180;167.221;64.8
07:52.7;RX;113199;180;166.99;64.9
07:52.8;RX;113299;180;166.862;65
07:53.0;RX;113399;180;168.688;65.1
07:53.1;RX;113499;180;168.378;65.2
07:53.2;RX;113599;180;168.904;65.3
07:53.3;RX;113699;180;169.992;65.4
07:53.4;RX;113799;180;169.316;65.5
07:53.4;RX;113899;180;169.156;65.6
07:53.5;RX;113999;180;170.217;65.7
07:53.6;RX;114099;180;172.252;65.8
07:53.7;RX;114199;180;169.833;65.9
07:53.8;RX;114299;180;172.35;66
07:53.9;RX;114399;180;170.983;66.1
07:54.0;RX;114499;180;171.682;66.2
07:54.2;RX;114599;180;172.851;66.3
07:54.3;RX;114699;180;172.7;66.4
07:54.4;RX;114799;180;173.481;66.5
07:54.5;RX;114899;180;173.48;66.6
07:54.5;RX;114999;180;172.772;66.7
07:54.6;RX;115099;180;172.755;66.8
07:54.7;RX;115199;180;175.029;66.9
07:54.8;RX;115299;180;172.368;67
07:54.9;RX;115399;180;173.937;67.1
07:55.0;RX;115499;180;175.079;67.2
07:55.1;RX;115599;180;174.358;67.3
07:55.3;RX;115699;180;176.048;67.4
07:55.4;RX;115799;180;176.102;67.5
07:55.5;RX;115899;180;175.747;67.6
07:55.6;RX;115999;180;173.934;67.7
07:55.7;RX;116099;180;175.101;67.8
07:55.7;RX;116199;180;176.527;67.9
07:55.8;RX;116299;180;174.818;68
07:55.9;RX;116399;180;174.936;68.1
07:56.0;RX;116499;180;176.988;68.2
07:56.1;RX;116599;180;176.621;68.3
07:56.2;RX;116699;180;175.943;68.4
07:56.4;RX;116800;180;176.139;68.501
07:56.5;RX;116899;180;174.488;68.6
07:56.6;RX;116999;180;175.889;68.7
07:56.7;RX;117099;180;176.239;68.8
07:56.8;RX;117199;180;175.185;68.9
07:56.8;RX;117299;180;178.15;69
07:56.9;RX;117399;180;173.1;69.1
07:57.0;RX;117499;180;177.645;69.2
07:57.1;RX;117599;180;175.697;69.3
07:57.2;RX;117699;180;176.176;69.4
07:57.4;RX;117799;180;176.492;69.5
07:57.5;RX;117900;180;175.264;69.601
07:57.6;RX;117999;180;175.177;69.7
07:57.7;RX;118099;180;176.658;69.8
07:57.8;RX;118199;180;175.168;69.9
07:57.9;RX;118299;180;176.696;70
07:57.9;RX;118399;180;174.182;70.1
07:58.0;RX;118499;180;177.236;70.2
07:58.1;RX;118599;180;176.459;70.3
07:58.2;RX;118699;180;176.535;70.4
07:58.3;RX;118799;180;176.535;70.5
07:58.4;RX;118899;180;175.761;70.6
07:58.5;RX;118999;180;176.743;70.7
07:58.6;RX;119099;180;176.983;70.8
07:58.8;RX;119199;180;175.431;70.9
07:58.9;RX;119299;180;175.041;71
07:59.0;RX;119399;180;176.498;71.1
07:59.1;RX;119499;180;175.96;71.2
07:59.2;RX;119599;180;176.999;71.3
07:59.2;RX;119699;180;175.854;71.4
07:59.3;RX;119799;180;176.592;71.5
07:59.4;RX;119899;180;176.743;71.6
07:59.5;RX;119999;180;176.985;71.7
07:59.6;RX;120099;180;178.763;71.8
07:59.7;RX;120199;180;174.544;71.9
07:59.9;RX;120299;180;175.118;72
08:00.0;RX;120399;180;178.614;72.1
08:00.1;RX;120500;180;175.153;72.201
08:00.2;RX;120599;180;174.711;72.3
08:00.3;RX;120699;180;178.015;72.4
08:00.3;RX;120799;180;174.941;72.5
08:00.4;RX;120899;180;175.9;72.6
08:00.5;RX;120999;180;175.796;72.7
08:00.6;RX;121099;180;177.356;72.8
08:00.7;RX;121199;180;176.794;72.9
08:00.8;RX;121299;180;177.542;73
08:01.0;RX;121399;180;175.546;73.1
08:01.1;RX;121499;180;177.084;73.2
08:01.2;RX;121599;180;176.257;73.3
08:01.3;RX;121699;180;175.956;73.4
08:01.4;RX;121799;180;174.963;73.5
08:01.4;RX;121899;180;176.485;73.6
08:01.5;RX;121999;180;177.062;73.7
08:01.6;RX;122099;180;174.552;73.8
08:01.7;RX;122199;180;177.605;73.9
08:01.8;RX;122299;180;175.425;74
08:01.9;RX;122399;180;178.574;74.1
08:02.0;RX;122499;180;175.714;74.2
08:02.2;RX;122599;180;176.708;74.3
08:02.3;RX;122699;180;175.684;74.4
08:02.4;RX;122799;180;178.079;74.5
08:02.5;RX;122899;180;176.966;74.6
08:02.5;RX;122999;180;177.891;74.7
08:02.6;RX;123099;180;177.401;74.8
08:02.7;RX;123199;180;176.891;74.9
08:02.8;RX;123299;180;176.015;75
08:02.9;RX;123399;180;175.691;75.1
08:03.0;RX;123499;180;175.924;75.2
08:03.2;RX;123599;180;175.125;75.3
08:03.3;RX;123699;180;176.472;75.4
08:03.4;RX;123799;180;174.925;75.5
08:03.5;RX;123899;180;176.06;75.6
08:03.5;RX;123999;180;175.855;75.7
08:03.6;RX;124099;180;176.177;75.8
08:03.7;RX;124199;180;175.103;75.9
08:03.8;RX;124299;180;176.485;76
08:03.9;RX;124399;180;176.421;76.1
08:04.0;RX;124499;180;176.426;76.2
08:04.1;RX;124599;180;176.648;76.3
08:04.3;RX;124699;180;176.695;76.4
08:04.4;RX;124799;180;177.597;76.5
08:04.5;RX;124899;180;177.17;76.6
08:04.6;RX;124999;180;176.614;76.7
08:04.7;RX;125099;180;175.951;76.8
08:04.7;RX;125199;180;176.322;76.9
08:04.8;RX;125299;180;177.689;77
08:04.9;RX;125399;180;177.566;77.1
08:05.0;RX;125499;180;174.61;77.2
08:05.1;RX;125599;180;177.615;77.3
08:05.2;RX;125699;180;176.244;77.4
08:05.3;RX;125799;180;174.846;77.5
08:05.5;RX;125899;180;176.057;77.6
08:05.6;RX;125999;180;176.535;77.7
08:05.7;RX;126099;180;177.099;77.8
08:05.8;RX;126199;180;176.524;77.9
08:05.8;RX;126299;180;176.148;78
08:05.9;RX;126399;180;177.34;78.1
08:06.0;RX;126499;180;177.761;78.2
08:06.1;RX;126599;180;176.93;78.3
08:06.2;RX;126699;180;176.418;78.4
08:06.3;RX;126799;180;176.634;78.5
08:06.5;RX;126899;180;176.993;78.6
08:06.6;RX;126999;180;177.316;78.7
08:06.7;RX;127099;180;176.1;78.8
08:06.8;RX;127199;180;174.124;78.9
08:06.9;RX;127299;180;176.414;79
08:06.9;RX;127400;180;176.162;79.101
08:07.0;RX;127499;180;176.512;79.2
08:07.1;RX;127599;180;176.183;79.3
08:07.2;RX;127699;180;177.444;79.4
08:07.3;RX;127799;180;177.599;79.5
08:07.4;RX;127899;180;176.473;79.6
08:07.5;RX;128000;180;177.176;79.701
08:07.6;RX;128099;180;177.794;79.8
08:07.7;RX;128199;150;170.623;79.9
08:07.9;RX;128299;150;176.038;80
08:08.0;RX;128399;150;174.851;80.1
08:08.1;RX;128499;150;171.776;80.2
08:08.2;RX;128599;150;173.041;80.3
08:08.3;RX;128699;150;168.28;80.4
08:08.3;RX;128799;150;171.658;80.5
08:08.4;RX;128899;150;171.865;80.6
08:08.5;RX;128999;150;171.051;80.7
08:08.6;RX;129099;150;165.806;80.8
08:08.7;RX;129199;150;164.923;80.9
08:08.8;RX;129299;150;170.278;81
08:08.9;RX;129399;150;169.221;81.1
08:09.0;RX;129499;150;166.355;81.2
08:09.1;RX;129599;150;167.284;81.3
08:09.2;RX;129699;150;166.708;81.4
08:09.4;RX;129799;150;164.909;81.5
08:09.5;RX;129899;150;169.943;81.6
08:09.6;RX;129999;150;160.678;81.7
08:09.7;RX;130099;150;166.277;81.8
08:09.8;RX;130199;150;161.069;81.9
08:09.8;RX;130299;150;162.341;82
08:09.9;RX;130399;150;161.899;82.1
08:10.0;RX;130499;150;161.462;82.2
08:10.1;RX;130599;150;158.425;82.3
08:10.2;RX;130699;150;158.756;82.4
08:10.3;RX;130799;150;162.316;82.5
08:10.5;RX;130899;150;162.461;82.6
08:10.6;RX;130999;150;162.382;82.7
08:10.7;RX;131099;150;163.104;82.8
08:10.8;RX;131199;150;159.053;82.9
08:10.8;RX;131299;150;159.741;83
08:10.9;RX;131399;150;159.718;83.1
08:11.0;RX;131499;150;161.848;83.2
08:11.1;RX;131599;150;157.027;83.3
08:11.2;RX;131699;150;160.947;83.4
08:11.3;RX;131799;150;161.173;83.5
08:11.5;RX;131899;150;158.62;83.6
08:11.6;RX;131999;150;160.312;83.7
08:11.7;RX;132099;150;161.077;83.8
08:11.8;RX;132199;150;159.641;83.9
08:11.9;RX;132299;150;160.896;84
08:11.9;RX;132399;150;160.103;84.1
08:12.0;RX;132499;150;160.409;84.2
08:12.1;RX;132600;150;162.22;84.301
08:12.2;RX;132699;150;155.153;84.4
08:12.3;RX;132799;150;155.81;84.5
08:12.4;RX;132899;150;160.657;84.6
08:12.6;RX;132999;150;157.606;84.7
08:12.7;RX;133099;150;158.274;84.8
08:12.8;RX;133199;150;158.035;84.9
08:12.9;RX;133299;150;160.19;85
08:13.0;RX;133399;150;160.546;85.1
08:13.0;RX;133499;150;161.879;85.2
08:13.1;RX;133599;150;159.994;85.3
08:13.2;RX;133699;150;158.381;85.4
08:13.3;RX;133800;150;159.205;85.501
08:13.4;RX;133899;150;156.275;85.6
08:13.5;RX;134000;150;157.482;85.701
08:13.7;RX;134099;150;155.106;85.8
08:13.8;RX;134199;150;156.626;85.9
08:13.9;RX;134299;150;158.046;86
08:14.0;RX;134399;150;158.365;86.1
08:14.1;RX;134499;150;159.926;86.2
08:14.1;RX;134599;150;154.83;86.3
08:14.2;RX;134699;150;158.323;86.4
08:14.3;RX;134799;150;158.365;86.5
08:14.4;RX;134899;150;156.006;86.6
08:14.5;RX;134999;150;155.73;86.7
08:14.7;RX;135099;150;156.188;86.8
08:14.8;RX;135200;150;157;86.901
08:14.9;RX;135299;150;160.758;87
08:15.0;RX;135399;150;158.91;87.1
08:15.1;RX;135499;150;158.835;87.2
08:15.1;RX;135599;150;154.782;87.3
08:15.2;RX;135699;150;158.734;87.4
08:15.3;RX;135799;150;157.371;87.5
08:15.4;RX;135899;150;158.341;87.6
08:15.5;RX;135999;150;156.882;87.7
08:15.6;RX;136099;150;157.813;87.8
08:15.7;RX;136199;150;160.646;87.9
08:15.9;RX;136299;150;158.23;88
08:16.0;RX;136399;150;154.867;88.1
08:16.1;RX;136499;150;154.489;88.2
08:16.2;RX;136599;150;153.847;88.3
08:16.3;RX;136699;150;153.965;88.4
08:16.3;RX;136799;150;155.323;88.5
08:16.4;RX;136899;150;160.139;88.6
08:16.5;RX;136999;150;151.807;88.7
08:16.6;RX;137099;150;156.342;88.8
08:16.7;RX;137199;150;154.654;88.9
08:16.8;RX;137299;150;154.006;89
08:16.9;RX;137399;150;151.037;89.1
08:17.1;RX;137499;150;158.744;89.2
08:17.2;RX;137599;150;160.268;89.3
08:17.3;RX;137699;150;156.634;89.4
08:17.4;RX;137799;150;159.086;89.5
08:17.5;RX;137899;150;157.369;89.6
08:17.5;RX;137999;150;154.075;89.7
08:17.6;RX;138099;150;157.962;89.8
08:17.7;RX;138199;150;160.68;89.9
08:17.8;RX;138299;150;156.993;90
08:17.9;RX;138399;150;154.735;90.1
08:18.0;RX;138499;150;158.033;90.2
08:18.2;RX;138599;150;157.546;90.3
08:18.3;RX;138699;150;159.609;90.4
08:18.4;RX;138799;150;154.464;90.5
08:18.5;RX;138899;150;160.218;90.6
08:18.5;RX;138999;150;159.156;90.7
08:18.6;RX;139099;150;157.126;90.8
08:18.7;RX;139199;150;158.1;90.9
08:18.8;RX;139299;150;155.008;91
08:18.9;RX;139399;150;152.917;91.1
08:19.0;RX;139499;150;161.143;91.2
08:19.1;RX;139599;150;157.275;91.3
08:19.3;RX;139699;150;155.774;91.4
08:19.4;RX;139799;150;157.568;91.5
08:19.5;RX;139899;150;157.856;91.6
08:19.6;RX;139999;150;159.834;91.7
08:19.7;RX;140099;150;154.94;91.8
08:19.8;RX;140199;150;159.01;91.9
08:19.8;RX;140299;150;157.794;92
08:19.9;RX;140399;150;155.171;92.1
08:20.0;RX;140499;150;158.162;92.2
08:20.1;RX;140599;150;156.105;92.3
08:20.2;RX;140699;150;159.049;92.4
08:20.3;RX;140799;150;159.202;92.5
08:20.4;RX;140899;150;159.349;92.6
08:20.6;RX;140999;150;156.667;92.7
08:20.7;RX;141099;150;152.143;92.8
08:20.8;RX;141199;150;157.403;92.9
08:20.9;RX;141299;150;154.266;93
08:21.0;RX;141399;150;150.94;93.1
08:21.1;RX;141499;150;155.448;93.2
08:21.2;RX;141599;150;158.391;93.3
08:21.2;RX;141699;150;155.081;93.4
08:21.3;RX;141799;150;156.927;93.5
08:21.4;RX;141899;150;155.246;93.6
08:21.5;RX;141999;50;157.165;93.7
08:21.6;RX;142099;50;153.81;93.8
08:21.8;RX;142199;50;151.283;93.9
08:21.9;RX;142299;50;144.392;94
08:22.0;RX;142399;50;140.828;94.1
08:22.1;RX;142499;50;137.487;94.2
08:22.2;RX;142599;50;129.478;94.3
08:22.3;RX;142699;50;125.709;94.4
08:22.3;RX;142799;50;120.656;94.5
08:22.4;RX;142899;50;113.396;94.6
08:22.5;RX;142999;50;112.199;94.7
08:22.6;RX;143099;50;112.141;94.8
08:22.7;RX;143199;50;112.363;94.9
08:22.8;RX;143299;50;111.967;95
08:22.9;RX;143399;50;100.996;95.1
08:23.1;RX;143499;50;99.458;95.2
08:23.2;RX;143599;50;101.662;95.3
08:23.3;RX;143699;50;95.868;95.4
08:23.4;RX;143799;50;97.016;95.5
08:23.5;RX;143899;50;96.08;95.6
08:23.5;RX;143999;50;91.144;95.7
08:23.6;RX;144099;50;87.736;95.8
08:23.7;RX;144199;50;85.825;95.9
08:23.8;RX;144299;50;83.818;96
08:23.9;RX;144399;50;83.756;96.1
08:24.0;RX;144499;50;82.779;96.2
08:24.2;RX;144599;50;81.734;96.3
08:24.3;RX;144699;50;79.367;96.4
08:24.4;RX;144799;50;77.674;96.5
08:24.5;RX;144899;50;77.319;96.6
08:24.6;RX;144999;50;75.884;96.7
08:24.7;RX;145099;50;70.315;96.8
08:24.7;RX;145199;50;70.495;96.9
08:24.8;RX;145299;50;72.085;97
08:24.9;RX;145399;50;70.695;97.1
08:25.0;RX;145499;50;71.064;97.2
08:25.1;RX;145599;50;69.72;97.3
08:25.2;RX;145699;50;70.61;97.4
08:25.4;RX;145799;50;71.078;97.5
08:25.5;RX;145899;50;69.39;97.6
08:25.6;RX;145999;50;68.816;97.7
08:25.7;RX;146099;50;64.216;97.8
08:25.8;RX;146199;50;62.986;97.9
08:25.8;RX;146299;50;67.274;98
08:25.9;RX;146399;50;61.574;98.1
08:26.0;RX;146499;50;60.603;98.2
08:26.1;RX;146599;50;58.227;98.3
08:26.2;RX;146699;50;60.494;98.4
08:26.4;RX;146799;50;57.513;98.5
08:26.5;RX;146899;50;57.093;98.6
08:26.6;RX;146999;50;63.016;98.7
08:26.7;RX;147099;50;64.43;98.8
08:26.8;RX;147199;50;60.802;98.9
08:26.9;RX;147299;50;59.637;99
08:26.9;RX;147399;50;57.317;99.1
08:27.0;RX;147499;50;61.971;99.2
08:27.1;RX;147599;50;61.564;99.3
08:27.2;RX;147699;50;59.643;99.4
08:27.3;RX;147799;50;60.732;99.5
08:27.4;RX;147899;50;56.479;99.6
08:27.5;RX;147999;50;57.277;99.7
08:27.7;RX;148099;50;56.622;99.8
08:27.8;RX;148199;50;59.73;99.9
08:27.9;RX;148299;50;57.618;100
08:28.0;RX;148399;50;56.71;100.1
08:28.1;RX;148499;50;56.559;100.2
08:28.1;RX;148599;50;55.859;100.3
08:28.2;RX;148699;50;54.814;100.4
08:28.3;RX;148799;50;52.994;100.5
08:28.4;RX;148899;50;55.094;100.6
08:28.5;RX;148999;50;55.933;100.7
08:28.6;RX;149099;50;55.296;100.8
08:28.7;RX;149199;50;56.673;100.9
08:28.9;RX;149299;50;58.24;101
08:29.0;RX;149399;50;54.532;101.1
08:29.1;RX;149499;50;53.67;101.2
08:29.2;RX;149599;50;55.52;101.3
08:29.3;RX;149699;50;52.767;101.4
08:29.3;RX;149799;50;53.066;101.5
08:29.4;RX;149899;50;52.878;101.6
08:29.5;RX;149999;50;53.46;101.7
08:29.6;RX;150099;50;57.934;101.8
08:29.7;RX;150199;50;50.428;101.9
08:29.8;RX;150299;50;55.088;102
08:30.0;RX;150399;50;58.805;102.1
08:30.1;RX;150499;50;58.731;102.2
08:30.2;RX;150599;50;61.693;102.3
08:30.3;RX;150699;50;62.269;102.4
08:30.3;RX;150799;50;55.581;102.5
08:30.4;RX;150899;50;58.228;102.6
08:30.5;RX;150999;50;55.385;102.7
08:30.6;RX;151099;50;57.171;102.8
08:30.7;RX;151199;50;54.17;102.9
08:30.8;RX;151299;50;55.925;103
08:31.0;RX;151399;50;53.171;103.1
08:31.1;RX;151499;50;54.569;103.2
08:31.2;RX;151599;50;50.128;103.3
08:31.3;RX;151699;50;52.816;103.4
08:31.4;RX;151799;50;51.703;103.5
08:31.4;RX;151899;50;52.518;103.6
08:31.5;RX;151999;50;48.795;103.7
08:31.6;RX;152099;50;51.284;103.8
08:31.7;RX;152199;50;54.449;103.9
08:31.8;RX;152299;50;49.81;104
08:31.9;RX;152399;50;49.758;104.1
08:32.1;RX;152499;50;50.081;104.2
08:32.2;RX;152599;50;50.662;104.3
08:32.3;RX;152699;50;53.269;104.4
08:32.4;RX;152799;50;57.529;104.5
08:32.4;RX;152899;50;53.366;104.6
08:32.5;RX;152999;50;55.28;104.7
08:32.6;RX;153099;50;53.109;104.8
08:32.7;RX;153199;50;52.698;104.9
08:32.8;RX;153299;50;53.238;105
08:32.9;RX;153399;50;55.282;105.1
08:33.1;RX;153499;50;52.958;105.2
08:33.2;RX;153599;50;53.212;105.3
08:33.3;RX;153699;50;50.06;105.4
08:33.4;RX;153799;50;49.016;105.5
08:33.5;RX;153899;50;53.767;105.6
08:33.5;RX;153999;50;55.513;105.7
08:33.6;RX;154099;50;57.396;105.8
08:33.7;RX;154199;50;57.687;105.9
08:33.8;RX;154299;50;50.134;106
08:33.9;RX;154399;50;51.048;106.1
08:34.0;RX;154499;50;55.006;106.2
08:34.1;RX;154599;50;49.213;106.3
08:34.3;RX;154699;50;54.89;106.4
08:34.4;RX;154799;50;50.602;106.5
08:34.5;RX;154899;50;51.829;106.6
08:34.6;RX;154999;50;52.455;106.7
08:34.7;RX;155099;50;50.204;106.8
08:34.8;RX;155199;50;49.673;106.9
08:34.9;RX;155299;50;53.555;107
08:34.9;RX;155399;50;50.143;107.1
08:35.0;RX;155499;50;50.658;107.2
08:35.1;RX;155599;50;50.226;107.3
08:35.2;RX;155699;50;50.022;107.4
08:35.3;RX;155799;50;59.05;107.5
08:35.4;RX;155899;50;54.28;107.6
08:35.6;RX;155999;50;50.201;107.7
08:35.7;RX;156099;50;52.505;107.8
08:35.8;RX;156199;50;51.978;107.9
08:35.9;RX;156299;50;52.005;108
08:35.9;RX;156399;50;52.399;108.1
08:36.0;RX;156499;50;50.097;108.2
08:36.1;RX;156599;50;55.513;108.3
08:36.2;RX;156699;50;56.904;108.4
08:36.3;RX;156799;50;58.027;108.5
08:36.4;RX;156899;50;58.741;108.6
08:36.6;RX;156999;50;54.622;108.7
08:36.7;RX;157099;50;54.104;108.8
08:36.8;RX;157199;50;52.042;108.9
08:36.9;RX;157299;50;54.51;109
08:36.9;RX;157399;50;58.408;109.1
08:37.0;RX;157499;50;56.19;109.2
08:37.1;RX;157599;50;55.679;109.3
08:37.2;RX;157699;50;55.371;109.4
08:37.3;RX;157799;50;54.248;109.5
08:37.4;RX;157899;50;54.792;109.6
08:37.6;RX;157999;50;50.107;109.7
08:37.7;RX;158099;50;50.101;109.8
08:37.8;RX;158199;50;50.101;109.9
08:37.9;RX;158299;50;50.075;110
08:37.9;RX;158399;50;49.984;110.1
08:38.0;RX;158499;50;50.032;110.2
08:38.1;RX;158599;50;50.041;110.3
08:38.2;RX;158699;0;52.897;110.4
08:38.3;RX;158799;0;44.346;110.5
08:38.5;RX;158899;0;44.955;110.6
08:38.6;RX;158999;0;45.835;110.7
08:38.7;RX;159099;0;43.269;110.8
08:38.8;RX;159199;0;44.353;110.9
08:38.8;RX;159299;0;39.02;111
08:38.9;RX;159399;0;39.016;111.1
08:39.0;RX;159499;0;37.252;111.2
08:39.1;RX;159599;0;35.455;111.3
08:39.2;RX;159699;0;31.034;111.4
08:39.3;RX;159799;0;28.978;111.5
08:39.5;RX;159899;0;28.422;111.6
08:39.6;RX;159999;0;30.559;111.7
08:39.7;RX;160099;0;30.042;111.8
08:39.8;RX;160199;0;21.742;111.9
08:39.9;RX;160299;0;21.536;112
08:40.0;RX;160399;0;23.013;112.1
08:40.0;RX;160499;0;19.935;112.2
08:40.1;RX;160599;0;23.045;112.3
08:40.2;RX;160699;0;20.871;112.4
08:40.3;RX;160799;0;20.548;112.5
08:40.4;RX;160899;0;22.06;112.6
08:40.5;RX;160999;0;18.554;112.7
08:40.6;RX;161099;0;14.545;112.8
08:40.7;RX;161199;0;16.786;112.9
08:40.9;RX;161299;0;13.386;113
08:41.0;RX;161399;0;13.469;113.1
08:41.1;RX;161499;0;15.09;113.2
08:41.2;RX;161599;0;13.141;113.3
08:41.2;RX;161699;0;14.805;113.4
08:41.3;RX;161799;0;11.85;113.5
08:41.4;RX;161899;0;11.148;113.6
08:41.5;RX;161999;0;10.24;113.7
08:41.6;RX;162099;0;10.913;113.8
08:41.7;RX;162199;0;10.673;113.9
08:41.9;RX;162299;0;9.52;114
08:42.0;RX;162399;0;9.754;114.1
08:42.1;RX;162499;0;10.644;114.2
08:42.2;RX;162599;0;11.316;114.3
08:42.3;RX;162699;0;10.036;114.4
08:42.4;RX;162799;0;10.722;114.5
08:42.4;RX;162899;0;7.9;114.6
08:42.5;RX;162999;0;7.182;114.7
08:42.6;RX;163099;0;7.127;114.8
08:42.7;RX;163199;0;8.805;114.9
08:42.8;RX;163299;0;7.175;115
08:42.9;RX;163399;0;7.219;115.1
08:43.0;RX;163499;0;7.603;115.2
08:43.2;RX;163599;0;6.287;115.3
08:43.3;RX;163699;0;6.342;115.4
08:43.4;RX;163799;0;7.986;115.5
08:43.5;RX;163899;0;7.105;115.6
08:43.6;RX;163999;0;5.803;115.7
08:43.6;RX;164099;0;6.329;115.8
08:43.7;RX;164199;0;9.113;115.9
08:43.8;RX;164299;0;5.931;116
08:43.9;RX;164399;0;6.209;116.1
08:44.0;RX;164499;0;5.037;116.2
08:44.1;RX;164599;0;5.615;116.3
08:44.3;RX;164699;0;5.971;116.4
08:44.4;RX;164799;0;4.991;116.5
08:44.5;RX;164899;0;5.013;116.6
08:44.6;RX;164999;0;3.51;116.7
08:44.6;RX;165099;0;4.75;116.8
08:44.7;RX;165199;0;3.791;116.9
08:44.8;RX;165299;0;4.492;117
08:44.9;RX;165399;0;4.054;117.1
08:45.0;RX;165499;0;3.398;117.2
08:45.1;RX;165599;0;4.105;117.3
08:45.2;RX;165699;0;4.122;117.4
08:45.3;RX;165799;0;5.407;117.5
08:45.5;RX;165899;0;3.401;117.6
08:45.6;RX;165999;0;2.556;117.7
08:45.7;RX;166099;0;3.803;117.8
08:45.8;RX;166199;0;4.351;117.9
08:45.9;RX;166299;0;3.524;118
08:46.0;RX;166399;0;3.414;118.1
08:46.1;RX;166499;0;4.824;118.2
08:46.1;RX;166599;0;5.058;118.3
08:46.2;RX;166699;0;3.038;118.4
08:46.3;RX;166799;0;3.181;118.5
08:46.4;RX;166899;0;3.522;118.6
08:46.5;RX;166999;0;3.101;118.7
08:46.6;RX;167099;0;2.824;118.8
08:46.7;RX;167199;0;5.76;118.9
08:46.8;RX;167299;0;5.661;119
08:47.0;RX;167399;0;5.846;119.1
08:47.1;RX;167499;0;4.165;119.2
08:47.2;RX;167599;0;4.107;119.3
08:47.3;RX;167699;0;7.091;119.4
08:47.4;RX;167799;0;3.453;119.5
08:47.4;RX;167899;0;2.554;119.6
08:47.5;RX;167999;0;2.93;119.7
08:47.6;RX;168099;0;5.123;119.8
08:47.7;RX;168199;0;3.89;119.9
08:47.8;RX;168299;0;3.559;120
08:47.9;RX;168399;0;3.656;120.1
08:48.0;RX;168499;0;5.265;120.2
08:48.2;RX;168599;0;3.204;120.3
08:48.3;RX;168699;0;3.475;120.4
08:48.4;RX;168799;0;3.094;120.5
08:48.5;RX;168899;0;3.143;120.6
08:48.6;RX;168999;0;3.414;120.7
08:48.6;RX;169099;0;4.045;120.8
08:48.7;RX;169199;0;3.764;120.9
08:48.8;RX;169299;0;2.663;121
08:48.9;RX;169399;0;2.601;121.1
08:49.0;RX;169499;0;5.648;121.2
08:49.1;RX;169599;0;3.87;121.3
08:49.2;RX;169699;0;2.799;121.4
08:49.4;RX;169799;0;3.31;121.5
08:49.5;RX;169899;0;4.679;121.6
08:49.6;RX;169999;0;4.107;121.7
08:49.7;RX;170099;0;3.337;121.8
08:49.8;RX;170199;0;2.722;121.9
08:49.8;RX;170299;0;3.568;122
08:49.9;RX;170399;0;4.482;122.1
