21:09:23.314;215099;0.000;7.127
21:09:23.315;215199;0.000;7.110
21:09:23.420;215299;0.000;7.148
21:09:23.525;215399;0.000;7.152
21:09:23.635;215499;0.000;7.130
21:09:23.745;215599;0.000;7.137
21:09:23.855;215699;0.000;7.158
21:09:23.967;215799;0.000;7.147
21:09:24.075;215899;0.000;7.151
21:09:24.180;215999;0.000;7.122
21:09:24.285;216099;0.000;7.124
21:09:24.390;216199;0.000;7.151
21:09:24.497;216299;0.000;7.169
21:09:24.606;216399;0.000;7.143
21:09:24.714;216499;0.000;7.154
21:09:24.715;216599;0.000;7.161
21:09:24.826;216699;0.000;7.134
21:09:24.937;216799;0.000;7.150
21:09:25.049;216899;0.000;7.153
21:09:25.175;217000;0.000;7.116
21:09:25.287;217099;30.000;7.240
21:09:25.398;217199;30.000;7.603
21:09:25.505;217299;30.000;7.807
21:09:25.617;217399;30.000;7.840
21:09:25.619;217499;30.000;8.033
21:09:25.726;217599;30.000;8.207
21:09:25.832;217699;30.000;8.309
21:09:25.941;217799;30.000;8.499
21:09:26.046;217899;30.000;8.732
21:09:26.151;217999;30.000;8.944
21:09:26.256;218099;30.000;8.948
21:09:26.361;218199;30.000;9.215
21:09:26.466;218299;30.000;9.381
21:09:26.571;218399;30.000;9.585
21:09:26.678;218499;30.000;9.757
21:09:26.790;218599;30.000;10.118
21:09:26.902;218699;30.000;9.951
21:09:27.013;218799;30.000;10.278
21:09:27.015;218899;30.000;10.341
21:09:27.125;218999;30.000;10.589
21:09:27.231;219099;30.000;10.681
21:09:27.340;219199;30.000;10.812
21:09:27.451;219299;30.000;11.041
21:09:27.561;219399;30.000;11.210
21:09:27.668;219499;30.000;11.464
21:09:27.776;219599;30.000;11.357
21:09:27.881;219699;30.000;11.647
21:09:27.988;219799;30.000;11.574
21:09:28.096;219899;30.000;11.598
21:09:28.201;219999;30.000;11.801
21:09:28.306;220099;30.000;11.934
21:09:28.411;220199;30.000;12.050
21:09:28.412;220299;30.000;11.957
21:09:28.516;220399;30.000;12.422
21:09:28.621;220499;30.000;12.568
21:09:28.727;220599;30.000;12.237
21:09:28.839;220699;30.000;12.452
21:09:28.951;220799;30.000;12.818
21:09:29.063;220899;30.000;13.039
21:09:29.175;220999;30.000;12.964
21:09:29.284;221099;30.000;13.021
21:09:29.391;221199;30.000;13.399
21:09:29.501;221299;30.000;13.201
21:09:29.611;221399;30.000;13.500
21:09:29.612;221499;30.000;13.744
21:09:29.720;221599;30.000;13.648
21:09:29.826;221699;30.000;13.423
21:09:29.938;221799;30.000;13.686
21:09:30.049;221899;30.000;13.926
21:09:30.160;221999;30.000;13.724
21:09:30.266;222099;30.000;13.859
21:09:30.371;222199;30.000;13.718
21:09:30.476;222299;30.000;13.721
21:09:30.581;222399;30.000;14.294
21:09:30.686;222499;30.000;14.069
21:09:30.791;222599;30.000;13.868
21:09:30.896;222699;30.000;14.513
21:09:31.001;222799;30.000;14.546
21:09:31.106;222899;30.000;15.053
21:09:31.211;222999;30.000;14.587
21:09:31.214;223099;30.000;14.729
21:09:31.318;223199;30.000;14.992
21:09:31.429;223299;30.000;14.685
21:09:31.541;223399;30.000;14.903
21:09:31.654;223499;30.000;14.909
21:09:31.762;223599;30.000;14.954
21:09:31.872;223699;30.000;15.341
21:09:31.982;223799;30.000;15.171
21:09:32.091;223899;30.000;15.283
21:09:32.201;223999;30.000;15.471
21:09:32.312;224099;30.000;15.502
21:09:32.314;224199;30.000;15.387
21:09:32.422;224299;30.000;15.666
21:09:32.532;224399;30.000;15.683
21:09:32.640;224499;30.000;15.460
21:09:32.748;224600;30.000;16.770
21:09:32.858;224699;30.000;15.647
21:09:32.969;224799;30.000;15.747
21:09:33.081;224899;30.000;16.385
21:09:33.194;224999;30.000;16.218
21:09:33.306;225099;30.000;16.337
21:09:33.414;225199;30.000;16.195
21:09:33.416;225299;30.000;15.955
21:09:33.524;225399;30.000;16.101
21:09:33.631;225499;30.000;16.179
21:09:33.736;225599;30.000;16.364
21:09:33.844;225699;30.000;16.457
21:09:33.951;225799;30.000;17.031
21:09:34.060;225899;30.000;16.019
21:09:34.167;225999;30.000;16.440
21:09:34.275;226099;30.000;16.382
21:09:34.386;226199;30.000;16.381
21:09:34.496;226299;30.000;16.583
21:09:34.607;226399;30.000;16.480
21:09:34.718;226499;30.000;16.378
21:09:34.721;226599;30.000;16.533
21:09:34.828;226699;30.000;16.396
21:09:34.938;226799;30.000;16.267
21:09:35.050;226899;30.000;16.304
21:09:35.159;226999;30.000;16.244
21:09:35.267;227099;30.000;16.723
21:09:35.376;227199;30.000;16.334
21:09:35.487;227299;30.000;16.446
21:09:35.598;227399;30.000;16.169
21:09:35.709;227499;30.000;15.925
21:09:35.711;227599;30.000;16.297
21:09:35.821;227699;30.000;16.229
21:09:35.930;227799;30.000;16.686
21:09:36.042;227899;30.000;16.089
21:09:36.155;227999;30.000;16.230
21:09:36.266;228099;30.000;16.428
21:09:36.377;228199;30.000;16.306
21:09:36.485;228299;30.000;15.878
21:09:36.595;228399;30.000;16.316
21:09:36.701;228499;30.000;16.544
21:09:36.806;228599;30.000;16.616
21:09:36.911;228699;30.000;16.127
21:09:36.913;228800;30.000;16.248
21:09:37.020;228899;30.000;16.227
21:09:37.131;228999;30.000;16.549
21:09:37.236;229099;30.000;16.388
21:09:37.344;229199;30.000;16.218
21:09:37.456;229299;30.000;16.718
21:09:37.568;229400;30.000;16.432
21:09:37.678;229499;30.000;16.816
21:09:37.786;229599;30.000;16.356
21:09:37.896;229699;30.000;16.241
21:09:38.006;229799;30.000;15.708
21:09:38.118;229899;50.000;16.464
21:09:38.122;229999;50.000;16.600
21:09:38.227;230099;50.000;17.193
21:09:38.336;230199;50.000;17.609
21:09:38.447;230299;50.000;17.839
21:09:38.558;230400;50.000;18.286
21:09:38.669;230499;50.000;18.922
21:09:38.776;230599;50.000;19.387
21:09:38.881;230699;50.000;19.690
21:09:38.986;230799;50.000;19.464
21:09:39.094;230899;50.000;19.939
21:09:39.204;230999;50.000;20.270
21:09:39.315;231099;50.000;20.628
21:09:39.317;231199;50.000;21.077
21:09:39.426;231299;50.000;21.369
21:09:39.538;231399;50.000;21.934
21:09:39.647;231499;50.000;22.402
21:09:39.759;231599;50.000;22.778
21:09:39.871;231699;50.000;22.607
21:09:39.980;231799;50.000;22.963
21:09:40.091;231899;50.000;22.571
21:09:40.202;231999;50.000;23.761
21:09:40.313;232099;50.000;24.085
21:09:40.315;232199;50.000;24.071
21:09:40.424;232299;50.000;24.363
21:09:40.536;232399;50.000;24.667
21:09:40.641;232499;50.000;25.024
21:09:40.747;232599;50.000;24.939
21:09:40.851;232699;50.000;25.392
21:09:40.958;232799;50.000;25.804
21:09:41.069;232899;50.000;25.786
21:09:41.178;232999;50.000;26.062
21:09:41.290;233099;50.000;26.746
21:09:41.401;233199;50.000;26.615
21:09:41.512;233300;50.000;27.265
21:09:41.514;233399;50.000;27.353
21:09:41.624;233499;50.000;27.391
21:09:41.736;233599;50.000;27.683
21:09:41.844;233699;50.000;28.014
21:09:41.954;233799;50.000;28.173
21:09:42.062;233899;50.000;28.614
21:09:42.173;233999;50.000;28.761
21:09:42.283;234099;50.000;28.792
21:09:42.395;234199;50.000;29.166
21:09:42.507;234299;50.000;29.408
21:09:42.616;234399;50.000;29.439
21:09:42.618;234499;50.000;29.321
21:09:42.722;234599;50.000;29.834
21:09:42.830;234699;50.000;30.371
21:09:42.940;234799;50.000;30.191
21:09:43.046;234899;50.000;30.533
21:09:43.155;234999;50.000;30.375
21:09:43.267;235099;50.000;30.649
21:09:43.375;235199;50.000;31.028
21:09:43.485;235299;50.000;31.355
21:09:43.594;235399;50.000;31.221
21:09:43.704;235499;50.000;31.458
21:09:43.816;235599;50.000;31.540
21:09:43.818;235699;50.000;32.056
21:09:43.929;235799;50.000;31.652
21:09:44.041;235899;50.000;31.865
21:09:44.151;235999;50.000;32.046
21:09:44.256;236099;50.000;32.164
21:09:44.361;236199;50.000;32.091
21:09:44.466;236299;50.000;32.534
21:09:44.571;236399;50.000;32.415
21:09:44.676;236499;50.000;32.824
21:09:44.781;236599;50.000;33.477
21:09:44.886;236699;50.000;33.308
21:09:44.991;236799;50.000;33.235
21:09:45.096;236899;50.000;33.047
21:09:45.203;236999;50.000;33.759
21:09:45.311;237099;50.000;33.831
21:09:45.312;237199;50.000;33.743
21:09:45.416;237299;50.000;33.875
21:09:45.520;237399;50.000;34.147
21:09:45.626;237499;50.000;34.112
21:09:45.736;237599;50.000;33.939
21:09:45.847;237699;50.000;34.348
21:09:45.959;237799;50.000;34.509
21:09:46.068;237899;50.000;34.716
21:09:46.180;237999;50.000;34.792
21:09:46.291;238099;50.000;34.745
21:09:46.403;238199;50.000;34.665
21:09:46.515;238299;50.000;34.853
21:09:46.518;238399;50.000;35.009
21:09:46.627;238499;50.000;35.230
21:09:46.735;238599;50.000;34.710
21:09:46.845;238699;50.000;35.389
21:09:46.954;238799;50.000;35.497
21:09:47.064;238899;50.000;35.124
21:09:47.171;238999;50.000;35.694
21:09:47.278;239099;50.000;35.429
21:09:47.386;239199;50.000;35.872
21:09:47.491;239299;50.000;35.842
21:09:47.602;239399;50.000;35.760
21:09:47.712;239499;50.000;36.170
21:09:47.713;239599;50.000;36.588
21:09:47.820;239699;50.000;36.142
21:09:47.929;239799;50.000;36.340
21:09:48.039;239899;50.000;36.573
21:09:48.146;239999;50.000;36.482
21:09:48.254;240099;50.000;36.300
21:09:48.365;240199;50.000;36.814
21:09:48.476;240299;50.000;36.869
21:09:48.588;240399;50.000;36.583
21:09:48.701;240499;50.000;37.053
21:09:48.810;240599;50.000;37.032
21:09:48.811;240699;50.000;37.453
21:09:48.915;240799;50.000;37.144
21:09:49.020;240899;50.000;37.368
21:09:49.125;240999;50.000;37.380
21:09:49.231;241099;50.000;37.441
21:09:49.342;241199;50.000;37.786
21:09:49.453;241299;50.000;37.446
21:09:49.563;241400;50.000;38.507
21:09:49.672;241499;50.000;37.685
21:09:49.779;241599;50.000;37.892
21:09:49.890;241699;50.000;37.487
21:09:50.002;241799;50.000;37.749
21:09:50.113;241899;50.000;37.937
21:09:50.115;241999;50.000;37.772
21:09:50.225;242099;50.000;37.575
21:09:50.335;242199;50.000;37.757
21:09:50.441;242299;50.000;38.263
21:09:50.546;242399;50.000;37.445
21:09:50.651;242499;50.000;37.943
21:09:50.756;242599;50.000;37.779
21:09:50.862;242699;50.000;37.799
21:09:50.970;242799;50.000;37.460
21:09:51.076;242899;50.000;37.595
21:09:51.180;242999;50.000;37.917
21:09:51.286;243099;50.000;37.627
21:09:51.396;243199;50.000;37.685
21:09:51.505;243299;50.000;37.746
21:09:51.617;243399;50.000;37.857
21:09:51.618;243499;50.000;37.866
21:09:51.725;243599;50.000;37.805
21:09:51.835;243699;50.000;38.085
21:09:51.943;243799;50.000;37.950
21:09:52.054;243899;50.000;37.823
21:09:52.162;243999;50.000;38.178
21:09:52.269;244099;50.000;38.038
21:09:52.380;244199;50.000;37.837
21:09:52.486;244299;50.000;37.858
21:09:52.596;244399;50.000;38.055
21:09:52.706;244499;50.000;38.121
21:09:52.812;244599;50.000;37.732
21:09:52.815;244699;50.000;38.135
21:09:52.919;244799;50.000;38.209
21:09:53.030;244899;50.000;38.280
21:09:53.140;244999;50.000;38.365
21:09:53.246;245099;50.000;38.163
21:09:53.355;245199;50.000;38.316
21:09:53.460;245299;50.000;38.683
21:09:53.565;245399;50.000;38.427
21:09:53.671;245499;50.000;38.334
21:09:53.776;245599;50.000;38.370
21:09:53.884;245699;50.000;38.373
21:09:53.993;245799;50.000;38.432
21:09:54.102;245899;50.000;38.263
21:09:54.213;245999;50.000;38.389
21:09:54.216;246100;50.000;38.459
21:09:54.322;246199;50.000;37.996
21:09:54.431;246299;50.000;38.627
21:09:54.536;246399;50.000;38.539
21:09:54.641;246499;50.000;38.174
21:09:54.747;246599;50.000;38.020
21:09:54.851;246699;50.000;38.323
21:09:54.960;246799;50.000;38.276
21:09:55.071;246899;50.000;38.515
21:09:55.181;246999;50.000;38.550
21:09:55.290;247099;50.000;38.689
21:09:55.398;247199;50.000;38.584
21:09:55.505;247299;50.000;38.591
21:09:55.611;247399;50.000;38.607
21:09:55.613;247499;50.000;38.337
21:09:55.718;247599;50.000;38.830
21:09:55.826;247699;70.000;38.837
21:09:55.935;247799;70.000;38.950
21:09:56.047;247899;70.000;39.413
21:09:56.159;247999;70.000;39.919
21:09:56.272;248099;70.000;40.164
21:09:56.380;248199;70.000;40.862
21:09:56.491;248299;70.000;41.272
21:09:56.596;248399;70.000;41.327
21:09:56.701;248499;70.000;41.265
21:09:56.806;248600;70.000;42.247
21:09:56.911;248699;70.000;42.327
21:09:56.912;248799;70.000;42.404
21:09:57.020;248899;70.000;43.129
21:09:57.131;248999;70.000;43.031
21:09:57.241;249099;70.000;43.433
21:09:57.353;249199;70.000;43.846
21:09:57.464;249299;70.000;44.202
21:09:57.575;249399;70.000;43.984
21:09:57.688;249499;70.000;44.733
21:09:57.799;249599;70.000;45.017
21:09:57.912;249699;70.000;45.177
21:09:57.914;249799;70.000;45.376
21:09:58.018;249899;70.000;46.012
21:09:58.124;249999;70.000;46.082
21:09:58.230;250099;70.000;46.519
21:09:58.336;250199;70.000;46.608
21:09:58.441;250299;70.000;47.478
21:09:58.547;250399;70.000;47.744
21:09:58.658;250499;70.000;47.665
21:09:58.768;250599;70.000;47.924
21:09:58.879;250699;70.000;48.187
21:09:58.989;250799;70.000;48.356
21:09:59.100;250899;70.000;48.791
21:09:59.209;250999;70.000;48.910
21:09:59.211;251099;70.000;49.266
21:09:59.320;251199;70.000;49.358
21:09:59.432;251299;70.000;49.570
21:09:59.542;251399;70.000;49.662
21:09:59.653;251499;70.000;49.652
21:09:59.764;251599;70.000;50.261
21:09:59.876;251699;70.000;50.103
21:09:59.985;251799;70.000;50.389
21:10:00.095;251899;70.000;50.580
21:10:00.201;251999;70.000;51.126
21:10:00.312;252099;70.000;50.962
21:10:00.315;252200;70.000;51.150
21:10:00.421;252299;70.000;51.486
21:10:00.531;252399;70.000;51.443
21:10:00.642;252499;70.000;51.757
21:10:00.751;252599;70.000;52.513
21:10:00.861;252700;70.000;52.776
21:10:00.966;252799;70.000;52.780
21:10:01.071;252899;70.000;52.698
21:10:01.181;252999;70.000;52.972
21:10:01.286;253099;70.000;52.872
21:10:01.391;253199;70.000;52.898
21:10:01.496;253299;70.000;53.082
21:10:01.601;253399;70.000;53.507
21:10:01.711;253499;70.000;53.935
21:10:01.713;253599;70.000;53.761
21:10:01.822;253699;70.000;53.455
21:10:01.931;253799;70.000;53.678
21:10:02.041;253899;70.000;53.407
21:10:02.149;253999;70.000;54.037
21:10:02.261;254099;70.000;53.886
21:10:02.372;254199;70.000;54.323
21:10:02.481;254300;70.000;54.845
21:10:02.593;254399;70.000;54.908
21:10:02.702;254499;70.000;55.176
21:10:02.811;254599;70.000;54.876
21:10:02.813;254699;70.000;55.159
21:10:02.918;254799;70.000;54.993
21:10:03.028;254899;70.000;55.105
21:10:03.137;254999;70.000;55.596
21:10:03.245;255099;70.000;55.827
21:10:03.355;255199;70.000;55.709
21:10:03.463;255299;70.000;55.568
21:10:03.574;255399;70.000;55.223
21:10:03.685;255499;70.000;55.642
21:10:03.791;255599;70.000;55.730
21:10:03.896;255699;70.000;55.635
21:10:04.002;255799;70.000;56.340
21:10:04.109;255899;70.000;56.340
21:10:04.110;255999;70.000;56.766
21:10:04.216;256099;70.000;56.512
21:10:04.321;256199;70.000;56.769
21:10:04.426;256299;70.000;56.511
21:10:04.531;256399;70.000;56.982
21:10:04.636;256499;70.000;57.096
21:10:04.745;256599;70.000;57.332
21:10:04.854;256699;70.000;57.239
21:10:04.965;256799;70.000;57.632
21:10:05.077;256899;70.000;57.335
21:10:05.188;256999;70.000;57.050
21:10:05.298;257099;70.000;57.720
21:10:05.410;257199;70.000;57.886
21:10:05.412;257299;70.000;57.813
21:10:05.522;257399;70.000;57.698
21:10:05.632;257499;70.000;58.261
21:10:05.741;257599;70.000;58.278
21:10:05.846;257699;70.000;57.857
21:10:05.955;257799;70.000;58.311
21:10:06.061;257899;70.000;58.027
21:10:06.166;257999;70.000;58.299
21:10:06.273;258099;70.000;58.649
21:10:06.385;258199;70.000;58.781
21:10:06.496;258299;70.000;58.793
21:10:06.607;258399;70.000;58.596
21:10:06.609;258499;70.000;58.728
21:10:06.716;258599;70.000;59.023
21:10:06.826;258699;70.000;58.752
21:10:06.935;258799;70.000;58.726
21:10:07.045;258899;70.000;58.867
21:10:07.154;258999;70.000;59.153
21:10:07.263;259099;70.000;58.877
21:10:07.372;259199;70.000;59.003
21:10:07.484;259299;70.000;59.085
21:10:07.595;259399;70.000;59.219
21:10:07.704;259499;70.000;59.157
21:10:07.811;259599;70.000;59.307
21:10:07.812;259699;70.000;59.406
21:10:07.916;259799;70.000;59.343
21:10:08.022;259899;70.000;59.297
21:10:08.126;259999;70.000;59.170
21:10:08.231;260099;70.000;59.086
21:10:08.336;260199;70.000;59.463
21:10:08.441;260299;70.000;59.157
21:10:08.546;260399;70.000;59.251
21:10:08.651;260499;70.000;59.503
21:10:08.757;260599;70.000;59.010
21:10:08.864;260699;70.000;59.229
21:10:08.976;260799;70.000;59.491
21:10:09.086;260899;70.000;59.495
21:10:09.196;260999;70.000;59.377
21:10:09.308;261099;70.000;59.571
21:10:09.310;261199;70.000;59.581
21:10:09.418;261299;70.000;59.710
21:10:09.528;261399;70.000;59.837
21:10:09.636;261499;70.000;59.728
21:10:09.741;261599;70.000;59.832
21:10:09.846;261699;70.000;59.457
21:10:09.951;261799;70.000;59.449
21:10:10.056;261899;70.000;59.508
21:10:10.161;261999;70.000;59.524
21:10:10.265;262099;70.000;59.466
21:10:10.371;262199;70.000;59.369
21:10:10.476;262299;70.000;59.382
21:10:10.581;262399;70.000;59.489
21:10:10.686;262499;70.000;59.415
21:10:10.791;262599;70.000;59.694
21:10:10.896;262699;70.000;59.526
21:10:11.001;262799;70.000;59.539
21:10:11.106;262899;70.000;59.730
21:10:11.211;262999;70.000;59.603
21:10:11.213;263099;70.000;59.748
21:10:11.316;263199;70.000;59.440
21:10:11.425;263299;70.000;59.459
21:10:11.537;263399;70.000;59.581
21:10:11.647;263499;70.000;59.410
21:10:11.759;263599;70.000;59.437
21:10:11.866;263699;70.000;59.221
21:10:11.975;263799;70.000;59.500
21:10:12.086;263899;70.000;59.334
21:10:12.197;263999;70.000;59.556
21:10:12.309;264099;70.000;59.645
21:10:12.311;264199;70.000;59.588
21:10:12.419;264299;70.000;59.608
21:10:12.523;264399;70.000;59.234
21:10:12.631;264499;70.000;59.433
21:10:12.736;264599;70.000;59.207
21:10:12.841;264699;70.000;59.614
21:10:12.946;264799;70.000;59.563
21:10:13.056;264899;70.000;59.315
21:10:13.161;264999;70.000;59.443
21:10:13.268;265099;70.000;59.378
21:10:13.376;265199;70.000;59.359
21:10:13.484;265299;70.000;59.410
21:10:13.595;265399;70.000;59.378
21:10:13.707;265499;70.000;59.938
21:10:13.708;265599;70.000;59.736
21:10:13.819;265699;70.000;59.696
21:10:13.930;265799;80.000;59.153
21:10:14.040;265899;80.000;60.368
21:10:14.152;265999;80.000;60.198
21:10:14.263;266099;80.000;60.055
21:10:14.375;266199;80.000;60.311
21:10:14.485;266299;80.000;60.605
21:10:14.594;266399;80.000;60.361
21:10:14.706;266499;80.000;61.019
21:10:14.819;266599;80.000;61.423
21:10:14.820;266699;80.000;61.282
21:10:14.928;266799;80.000;61.362
21:10:15.036;266899;80.000;61.269
21:10:15.146;266999;80.000;62.135
21:10:15.256;267099;80.000;61.910
21:10:15.361;267199;80.000;61.970
21:10:15.471;267299;80.000;62.274
21:10:15.582;267399;80.000;62.527
21:10:15.692;267499;80.000;62.887
21:10:15.804;267599;80.000;63.167
21:10:15.915;267699;80.000;63.100
21:10:15.918;267799;80.000;63.372
21:10:16.025;267899;80.000;63.249
21:10:16.136;267999;80.000;63.245
21:10:16.246;268099;80.000;63.271
21:10:16.356;268199;80.000;64.024
21:10:16.467;268299;80.000;63.967
21:10:16.577;268399;80.000;63.897
21:10:16.687;268499;80.000;64.519
21:10:16.799;268599;80.000;64.024
21:10:16.912;268699;80.000;64.305
21:10:16.914;268799;80.000;64.714
21:10:17.022;268899;80.000;64.521
21:10:17.133;268999;80.000;64.840
21:10:17.244;269099;80.000;64.612
21:10:17.356;269199;80.000;64.846
21:10:17.467;269299;80.000;65.148
21:10:17.576;269399;80.000;65.290
21:10:17.686;269499;80.000;65.525
21:10:17.794;269599;80.000;65.293
21:10:17.902;269699;80.000;65.736
21:10:18.012;269799;80.000;65.859
21:10:18.013;269899;80.000;65.683
21:10:18.120;269999;80.000;65.655
21:10:18.226;270099;80.000;66.146
21:10:18.331;270199;80.000;66.173
21:10:18.439;270299;80.000;66.367
21:10:18.550;270399;80.000;66.449
21:10:18.661;270499;80.000;66.500
21:10:18.770;270599;80.000;66.722
21:10:18.879;270699;80.000;66.749
21:10:18.986;270799;80.000;67.112
21:10:19.092;270899;80.000;67.178
21:10:19.204;270999;80.000;67.591
21:10:19.314;271099;80.000;67.660
21:10:19.317;271199;80.000;67.701
21:10:19.424;271299;80.000;67.771
21:10:19.536;271399;80.000;67.647
21:10:19.646;271499;80.000;67.370
21:10:19.750;271599;80.000;67.916
21:10:19.856;271699;80.000;68.191
21:10:19.960;271799;80.000;68.352
21:10:20.066;271899;80.000;68.025
21:10:20.171;271999;80.000;68.183
21:10:20.276;272099;80.000;68.155
21:10:20.385;272199;80.000;68.703
21:10:20.491;272299;80.000;68.064
21:10:20.596;272399;80.000;68.346
21:10:20.706;272499;80.000;69.128
21:10:20.818;272599;80.000;68.750
21:10:20.821;272699;80.000;68.543
21:10:20.928;272799;80.000;68.625
21:10:21.040;272899;80.000;68.526
21:10:21.150;272999;80.000;68.759
21:10:21.261;273099;80.000;69.358
21:10:21.373;273199;80.000;68.987
21:10:21.485;273299;80.000;69.013
21:10:21.597;273399;80.000;68.956
21:10:21.705;273499;80.000;69.337
21:10:21.817;273599;80.000;69.360
21:10:21.819;273699;80.000;69.554
21:10:21.929;273799;80.000;69.247
21:10:22.039;273899;80.000;69.296
21:10:22.151;273999;80.000;69.340
21:10:22.256;274099;80.000;69.888
21:10:22.365;274199;80.000;69.806
21:10:22.473;274299;80.000;69.305
21:10:22.581;274399;80.000;69.404
21:10:22.688;274499;80.000;69.322
21:10:22.796;274599;80.000;69.117
21:10:22.904;274699;80.000;69.475
21:10:23.012;274799;80.000;69.408
21:10:23.014;274899;80.000;69.841
21:10:23.123;274999;80.000;69.434
21:10:23.235;275099;80.000;69.654
21:10:23.346;275199;80.000;69.776
21:10:23.458;275299;80.000;69.615
21:10:23.568;275399;80.000;69.738
21:10:23.679;275499;80.000;69.540
21:10:23.786;275599;80.000;69.725
21:10:23.895;275699;80.000;69.632
21:10:24.006;275799;80.000;69.641
21:10:24.117;275899;80.000;69.694
21:10:24.119;276000;80.000;69.695
21:10:24.226;276099;80.000;69.712
21:10:24.337;276199;80.000;69.802
21:10:24.449;276299;80.000;69.509
21:10:24.560;276399;80.000;69.617
21:10:24.672;276499;80.000;69.853
21:10:24.781;276599;80.000;69.815
21:10:24.886;276699;80.000;69.863
21:10:24.996;276799;80.000;69.554
21:10:25.104;276899;80.000;69.896
21:10:25.216;276999;80.000;69.897
21:10:25.218;277099;80.000;69.953
21:10:25.327;277199;80.000;69.640
21:10:25.436;277299;80.000;69.754
21:10:25.544;277399;80.000;69.979
21:10:25.654;277499;80.000;69.747
21:10:25.767;277599;80.000;69.566
21:10:25.870;277699;80.000;69.885
21:10:25.976;277799;80.000;69.894
21:10:26.081;277899;80.000;69.868
21:10:26.186;277999;80.000;69.884
21:10:26.291;278099;80.000;70.024
21:10:26.401;278199;80.000;69.830
21:10:26.506;278299;80.000;70.177
21:10:26.616;278399;80.000;69.768
21:10:26.617;278499;80.000;69.703
21:10:26.721;278599;80.000;69.875
21:10:26.829;278699;80.000;70.047
21:10:26.940;278799;80.000;69.858
21:10:27.052;278899;80.000;69.597
21:10:27.162;278999;80.000;69.794
21:10:27.271;279099;80.000;69.891
21:10:27.383;279199;80.000;69.873
21:10:27.496;279299;80.000;69.759
21:10:27.606;279399;80.000;69.816
21:10:27.715;279499;80.000;69.852
21:10:27.717;279599;80.000;69.738
21:10:27.827;279699;80.000;70.021
21:10:27.938;279799;80.000;69.748
21:10:28.048;279899;80.000;70.082
21:10:28.159;279999;80.000;69.774
21:10:28.272;280099;80.000;70.141
21:10:28.381;280199;80.000;69.650
21:10:28.492;280299;80.000;69.839
21:10:28.604;280399;80.000;69.965
21:10:28.712;280499;80.000;69.628
21:10:28.714;280599;80.000;69.599
21:10:28.824;280699;80.000;69.880
21:10:28.931;280799;80.000;69.923
21:10:29.036;280899;80.000;69.606
21:10:29.141;280999;80.000;69.892
21:10:29.245;281099;80.000;69.934
21:10:29.352;281199;80.000;70.042
21:10:29.460;281299;80.000;69.797
21:10:29.571;281399;80.000;69.603
21:10:29.680;281499;80.000;69.660
21:10:29.792;281599;80.000;69.687
21:10:29.903;281699;80.000;69.797
21:10:30.016;281799;80.000;70.245
21:10:30.019;281899;80.000;69.693
21:10:30.128;281999;80.000;69.865
21:10:30.240;282099;80.000;69.872
21:10:30.352;282199;80.000;69.825
21:10:30.461;282299;80.000;70.052
21:10:30.566;282399;80.000;69.854
21:10:30.671;282499;80.000;70.016
21:10:30.778;282599;80.000;70.327
21:10:30.888;282699;80.000;69.566
21:10:30.996;282799;80.000;69.865
21:10:31.100;282899;80.000;69.926
21:10:31.206;283000;80.000;70.047
21:10:31.311;283099;80.000;69.920
21:10:31.312;283199;80.000;69.985
21:10:31.415;283299;80.000;69.769
21:10:31.527;283399;80.000;69.729
21:10:31.637;283499;80.000;70.117
21:10:31.745;283599;80.000;69.566
21:10:31.854;283699;80.000;69.602
21:10:31.961;283799;80.000;69.172
21:10:32.067;283899;80.000;69.849
21:10:32.177;283999;80.000;69.859
21:10:32.283;284099;80.000;70.030
21:10:32.391;284199;80.000;69.628
21:10:32.501;284299;80.000;70.358
21:10:32.612;284399;80.000;70.246
21:10:32.613;284499;80.000;69.520
21:10:32.722;284599;80.000;69.805
21:10:32.835;284699;80.000;70.152
21:10:32.945;284799;80.000;69.727
21:10:33.056;284899;80.000;69.898
21:10:33.168;284999;80.000;69.876
21:10:33.278;285099;80.000;69.807
21:10:33.390;285199;80.000;70.014
21:10:33.501;285299;80.000;69.677
21:10:33.606;285399;80.000;69.663
21:10:33.711;285499;80.000;69.922
21:10:33.712;285599;80.000;69.573
21:10:33.817;285699;80.000;70.096
21:10:33.925;285799;80.000;69.704
21:10:34.035;285899;80.000;70.184
21:10:34.141;285999;80.000;69.782
21:10:34.245;286099;80.000;70.385
21:10:34.351;286199;80.000;70.117
21:10:34.456;286299;80.000;69.890
21:10:34.561;286399;80.000;69.581
21:10:34.666;286499;80.000;69.666
21:10:34.772;286599;80.000;69.881
21:10:34.881;286699;80.000;70.078
21:10:34.986;286799;80.000;69.849
21:10:35.091;286899;80.000;70.242
21:10:35.196;286999;80.000;69.810
21:10:35.301;287099;50.000;70.707
21:10:35.406;287199;50.000;69.435
21:10:35.511;287299;50.000;69.913
21:10:35.512;287399;50.000;67.467
21:10:35.620;287499;50.000;70.300
21:10:35.725;287599;50.000;68.238
21:10:35.831;287699;50.000;68.985
21:10:35.936;287799;50.000;68.514
21:10:36.041;287899;50.000;68.681
21:10:36.150;287999;50.000;67.279
21:10:36.258;288099;50.000;67.531
21:10:36.370;288199;50.000;69.742
21:10:36.481;288299;50.000;68.245
21:10:36.593;288399;50.000;68.774
21:10:36.701;288499;50.000;68.568
21:10:36.806;288599;50.000;67.255
21:10:36.911;288699;50.000;67.846
21:10:36.912;288799;50.000;66.642
21:10:37.015;288899;50.000;67.705
21:10:37.121;288999;50.000;67.319
21:10:37.225;289099;50.000;67.427
21:10:37.331;289200;50.000;66.040
21:10:37.436;289299;50.000;66.129
21:10:37.540;289399;50.000;66.292
21:10:37.646;289499;50.000;66.419
21:10:37.751;289599;50.000;65.082
21:10:37.856;289699;50.000;65.102
21:10:37.961;289799;50.000;64.711
21:10:38.066;289899;50.000;64.863
21:10:38.175;289999;50.000;65.613
21:10:38.285;290099;50.000;65.307
21:10:38.396;290199;50.000;66.891
21:10:38.506;290299;50.000;64.558
21:10:38.614;290399;50.000;65.609
21:10:38.615;290499;50.000;64.835
21:10:38.725;290599;50.000;65.914
21:10:38.835;290699;50.000;65.307
21:10:38.945;290799;50.000;66.947
21:10:39.057;290899;50.000;64.655
21:10:39.168;290999;50.000;63.670
21:10:39.278;291099;50.000;64.257
21:10:39.390;291199;50.000;64.373
21:10:39.496;291299;50.000;65.649
21:10:39.601;291399;50.000;66.490
21:10:39.710;291499;50.000;65.628
21:10:39.713;291599;50.000;65.739
21:10:39.815;291699;50.000;63.636
21:10:39.921;291799;50.000;64.678
21:10:40.026;291899;50.000;65.141
21:10:40.135;291999;50.000;64.967
21:10:40.241;292099;50.000;65.176
21:10:40.346;292199;50.000;64.434
21:10:40.454;292299;50.000;62.711
21:10:40.560;292399;50.000;64.746
21:10:40.669;292499;50.000;64.197
21:10:40.776;292599;50.000;63.505
21:10:40.887;292699;50.000;64.376
21:10:40.997;292799;50.000;65.118
21:10:41.108;292899;50.000;64.777
21:10:41.110;292999;50.000;63.198
21:10:41.216;293099;50.000;64.470
21:10:41.322;293199;50.000;63.387
21:10:41.431;293299;50.000;63.937
21:10:41.540;293399;50.000;63.526
21:10:41.652;293499;50.000;64.005
21:10:41.761;293600;50.000;65.377
21:10:41.871;293699;50.000;63.064
21:10:41.980;293799;50.000;63.120
21:10:42.090;293899;50.000;63.805
21:10:42.200;293999;50.000;62.678
21:10:42.308;294099;50.000;64.072
21:10:42.310;294199;50.000;63.839
21:10:42.420;294299;50.000;64.043
21:10:42.531;294399;50.000;64.285
21:10:42.642;294499;50.000;64.260
21:10:42.752;294599;50.000;63.932
21:10:42.864;294699;50.000;63.243
21:10:42.976;294799;50.000;63.948
21:10:43.088;294900;50.000;64.286
21:10:43.200;294999;50.000;62.674
21:10:43.306;295099;50.000;63.418
21:10:43.416;295199;50.000;63.020
21:10:43.417;295299;50.000;62.445
21:10:43.527;295399;50.000;63.787
21:10:43.637;295499;50.000;63.736
21:10:43.746;295599;50.000;63.263
21:10:43.855;295699;50.000;63.557
21:10:43.961;295799;50.000;61.010
21:10:44.066;295899;50.000;65.024
21:10:44.172;295999;50.000;64.809
21:10:44.282;296099;50.000;63.427
21:10:44.386;296199;50.000;62.574
21:10:44.491;296299;50.000;61.911
21:10:44.596;296399;50.000;63.514
21:10:44.701;296499;50.000;62.357
21:10:44.806;296599;50.000;63.886
21:10:44.915;296699;50.000;61.293
21:10:44.916;296799;50.000;61.785
21:10:45.025;296899;50.000;62.349
21:10:45.136;297000;50.000;62.185
21:10:45.246;297099;50.000;63.643
21:10:45.358;297199;50.000;62.662
21:10:45.466;297299;50.000;62.698
21:10:45.575;297399;50.000;63.198
21:10:45.686;297499;50.000;62.989
21:10:45.795;297599;50.000;63.585
21:10:45.905;297699;50.000;63.858
21:10:46.015;297799;50.000;61.151
21:10:46.017;297899;50.000;62.245
21:10:46.126;297999;50.000;63.626
21:10:46.238;298099;50.000;62.479
21:10:46.350;298199;50.000;63.463
21:10:46.461;298299;50.000;62.771
21:10:46.572;298399;50.000;63.789
21:10:46.684;298499;50.000;62.960
21:10:46.795;298599;50.000;61.721
21:10:46.907;298699;50.000;62.251
21:10:46.909;298799;50.000;62.379
21:10:47.018;298899;50.000;63.126
21:10:47.125;298999;50.000;63.121
21:10:47.233;299099;50.000;62.744
21:10:47.344;299199;50.000;62.563
21:10:47.455;299299;50.000;63.057
21:10:47.560;299399;50.000;63.344
21:10:47.666;299499;50.000;62.361
21:10:47.772;299599;50.000;62.549
21:10:47.881;299699;50.000;63.051
21:10:47.986;299799;50.000;61.927
21:10:48.091;299899;50.000;62.375
21:10:48.196;299999;50.000;62.526
21:10:48.301;300099;50.000;62.447
21:10:48.406;300199;50.000;61.662
21:10:48.514;300299;50.000;61.938
21:10:48.517;300399;50.000;63.698
21:10:48.624;300499;50.000;62.953
21:10:48.732;300599;50.000;62.074
21:10:48.842;300699;50.000;62.235
21:10:48.952;300799;50.000;62.330
21:10:49.062;300899;50.000;62.774
21:10:49.174;300999;50.000;62.002
21:10:49.282;301099;50.000;63.412
21:10:49.393;301199;50.000;62.125
21:10:49.503;301299;50.000;63.133
21:10:49.615;301399;50.000;62.201
21:10:49.617;301499;50.000;62.388
21:10:49.728;301599;50.000;62.174
21:10:49.839;301699;50.000;61.297
21:10:49.952;301799;50.000;63.141
21:10:50.061;301899;50.000;62.608
21:10:50.169;301999;30.000;60.676
21:10:50.279;302099;30.000;60.776
21:10:50.386;302199;30.000;60.900
21:10:50.495;302299;30.000;59.929
21:10:50.606;302399;30.000;59.519
21:10:50.714;302499;30.000;58.709
21:10:50.716;302599;30.000;58.730
21:10:50.821;302699;30.000;59.702
21:10:50.931;302799;30.000;59.083
21:10:51.039;302899;30.000;58.257
21:10:51.146;302999;30.000;58.418
21:10:51.251;303099;30.000;59.322
21:10:51.356;303199;30.000;56.978
21:10:51.461;303299;30.000;58.170
21:10:51.568;303399;30.000;57.450
21:10:51.679;303499;30.000;58.014
21:10:51.791;303599;30.000;56.387
21:10:51.899;303699;30.000;58.242
21:10:52.008;303799;30.000;57.030
21:10:52.010;303899;30.000;54.190
21:10:52.116;303999;30.000;55.724
21:10:52.221;304100;30.000;54.352
21:10:52.330;304199;30.000;55.328
21:10:52.442;304299;30.000;54.673
21:10:52.552;304399;30.000;53.158
21:10:52.659;304499;30.000;54.716
21:10:52.772;304599;30.000;54.127
21:10:52.884;304699;30.000;52.862
21:10:52.993;304799;30.000;54.245
21:10:53.104;304899;30.000;51.995
21:10:53.211;304999;30.000;53.242
21:10:53.213;305099;30.000;53.156
21:10:53.324;305199;30.000;52.200
21:10:53.436;305299;30.000;53.743
21:10:53.543;305399;30.000;53.742
21:10:53.651;305499;30.000;53.192
21:10:53.757;305599;30.000;52.568
21:10:53.865;305699;30.000;52.366
21:10:53.974;305799;30.000;52.515
21:10:54.081;305899;30.000;51.218
21:10:54.188;305999;30.000;51.649
21:10:54.296;306099;30.000;52.352
21:10:54.401;306199;30.000;49.592
21:10:54.506;306299;30.000;49.247
21:10:54.615;306399;30.000;50.326
21:10:54.616;306499;30.000;50.550
21:10:54.720;306599;30.000;50.577
21:10:54.826;306699;30.000;51.722
21:10:54.935;306799;30.000;50.557
21:10:55.041;306899;30.000;49.047
21:10:55.150;306999;30.000;49.529
21:10:55.260;307099;30.000;50.181
21:10:55.372;307199;30.000;49.004
21:10:55.484;307299;30.000;48.842
21:10:55.597;307399;30.000;49.385
21:10:55.707;307499;30.000;48.558
21:10:55.709;307599;30.000;50.033
21:10:55.820;307699;30.000;46.246
21:10:55.930;307799;30.000;45.977
21:10:56.037;307899;30.000;49.634
21:10:56.146;307999;30.000;46.376
21:10:56.254;308099;30.000;45.544
21:10:56.361;308199;30.000;47.148
21:10:56.469;308299;30.000;46.309
21:10:56.576;308400;30.000;49.104
21:10:56.681;308499;30.000;46.975
21:10:56.788;308599;30.000;45.964
21:10:56.897;308699;30.000;44.896
21:10:57.007;308799;30.000;45.047
21:10:57.008;308899;30.000;46.680
21:10:57.116;308999;30.000;44.430
21:10:57.226;309099;30.000;45.310
21:10:57.337;309199;30.000;45.609
21:10:57.449;309299;30.000;45.477
21:10:57.560;309399;30.000;43.465
21:10:57.670;309499;30.000;45.443
21:10:57.781;309599;30.000;44.654
21:10:57.888;309699;30.000;44.644
21:10:57.996;309799;30.000;44.925
21:10:58.104;309899;30.000;44.171
21:10:58.213;309999;30.000;44.361
21:10:58.215;310099;30.000;45.977
21:10:58.326;310199;30.000;44.994
21:10:58.437;310299;30.000;44.304
21:10:58.549;310399;30.000;44.915
21:10:58.661;310499;30.000;46.474
21:10:58.771;310599;30.000;43.975
21:10:58.883;310699;30.000;43.844
21:10:58.995;310799;30.000;42.698
21:10:59.106;310899;30.000;43.458
21:10:59.108;310999;30.000;43.902
21:10:59.217;311099;30.000;42.362
21:10:59.324;311199;30.000;43.509
21:10:59.435;311299;30.000;42.620
21:10:59.548;311399;30.000;44.951
21:10:59.659;311499;30.000;44.196
21:10:59.768;311599;30.000;44.757
21:10:59.876;311699;30.000;42.733
21:10:59.985;311799;30.000;43.117
21:11:00.091;311899;30.000;43.824
21:11:00.196;311999;30.000;42.642
21:11:00.302;312099;30.000;42.270
21:11:00.411;312199;30.000;46.627
21:11:00.412;312299;30.000;42.372
21:11:00.516;312400;30.000;42.545
21:11:00.621;312499;30.000;42.604
21:11:00.726;312599;30.000;43.633
21:11:00.834;312699;30.000;43.338
21:11:00.941;312799;30.000;41.804
21:11:01.046;312900;30.000;44.432
21:11:01.151;312999;30.000;45.079
21:11:01.256;313099;30.000;42.450
21:11:01.366;313199;30.000;42.519
21:11:01.478;313299;30.000;42.162
21:11:01.588;313399;30.000;42.073
21:11:01.700;313499;30.000;42.198
21:11:01.810;313599;30.000;40.966
21:11:01.812;313699;30.000;41.461
21:11:01.921;313799;30.000;41.965
21:11:02.026;313899;30.000;42.133
21:11:02.136;313999;30.000;41.025
21:11:02.241;314099;30.000;43.591
21:11:02.346;314199;30.000;41.579
21:11:02.451;314299;30.000;42.795
21:11:02.556;314399;30.000;41.497
21:11:02.665;314499;30.000;41.566
21:11:02.778;314599;30.000;40.547
21:11:02.888;314699;30.000;41.338
21:11:02.996;314799;30.000;41.032
21:11:03.105;314899;30.000;41.073
21:11:03.211;314999;30.000;40.113
21:11:03.213;315099;30.000;40.318
21:11:03.320;315199;30.000;43.140
21:11:03.427;315299;30.000;41.102
21:11:03.539;315399;30.000;41.129
21:11:03.650;315499;30.000;40.944
21:11:03.762;315599;30.000;41.277
21:11:03.872;315699;30.000;42.457
21:11:03.984;315799;30.000;42.023
21:11:04.094;315899;30.000;40.913
21:11:04.207;315999;30.000;41.644
21:11:04.208;316099;30.000;42.359
21:11:04.319;316199;30.000;42.198
21:11:04.430;316299;30.000;41.202
21:11:04.542;316399;30.000;40.636
21:11:04.653;316499;30.000;41.164
21:11:04.762;316599;30.000;40.159
21:11:04.871;316699;30.000;41.744
21:11:04.978;316799;30.000;41.383
21:11:05.088;316899;30.000;44.624
21:11:05.200;316999;30.000;40.419
21:11:05.310;317099;30.000;40.135
21:11:05.312;317199;30.000;38.551
21:11:05.420;317299;30.000;40.491
21:11:05.531;317399;30.000;40.940
21:11:05.643;317499;30.000;40.768
21:11:05.756;317599;30.000;41.155
21:11:05.865;317699;30.000;42.664
21:11:05.976;317800;30.000;40.988
21:11:06.087;317899;30.000;39.886
21:11:06.196;317999;30.000;40.883
21:11:06.308;318099;30.000;40.854
21:11:06.310;318199;30.000;39.986
21:11:06.419;318299;30.000;40.369
21:11:06.527;318399;30.000;39.708
21:11:06.636;318499;30.000;43.287
21:11:06.744;318599;30.000;40.729
21:11:06.854;318699;30.000;40.737
21:11:06.962;318799;30.000;41.254
21:11:07.071;318899;30.000;40.101
21:11:07.176;318999;30.000;41.316
21:11:07.281;319099;30.000;41.208
21:11:07.386;319199;30.000;41.521
21:11:07.491;319299;30.000;41.914
21:11:07.601;319399;30.000;41.515
21:11:07.713;319499;30.000;39.982
21:11:07.714;319600;30.000;42.951
21:11:07.825;319699;30.000;39.851
21:11:07.935;319799;30.000;39.354
21:11:08.045;319899;30.000;39.042
21:11:08.156;319999;30.000;39.563
21:11:08.269;320099;30.000;39.633
21:11:08.379;320199;30.000;40.019
21:11:08.491;320299;30.000;39.788
21:11:08.602;320399;30.000;39.392
21:11:08.712;320499;30.000;42.927
21:11:08.714;320599;30.000;39.766
21:11:08.824;320699;30.000;40.782
21:11:08.937;320799;30.000;40.408
21:11:09.045;320899;30.000;40.199
21:11:09.156;320999;30.000;40.123
21:11:09.266;321099;30.000;39.202
21:11:09.372;321199;30.000;39.201
21:11:09.482;321299;30.000;39.601
21:11:09.590;321399;30.000;38.512
21:11:09.696;321499;30.000;39.963
21:11:09.801;321599;30.000;38.127
21:11:09.906;321699;30.000;40.212
21:11:10.011;321799;30.000;39.459
21:11:10.012;321899;30.000;39.571
21:11:10.119;321999;30.000;39.255
21:11:10.231;322099;30.000;38.480
21:11:10.343;322199;30.000;39.356
21:11:10.455;322299;30.000;38.268
21:11:10.567;322399;30.000;39.474
21:11:10.680;322499;30.000;39.599
21:11:10.790;322599;30.000;40.370
21:11:10.903;322699;30.000;39.048
21:11:11.013;322799;30.000;37.972
21:11:11.015;322899;30.000;38.577
21:11:11.123;323000;30.000;38.599
21:11:11.235;323099;30.000;38.077
21:11:11.345;323199;30.000;39.883
21:11:11.455;323299;30.000;40.451
21:11:11.563;323399;30.000;40.662
21:11:11.673;323499;30.000;39.877
21:11:11.785;323599;30.000;40.230
21:11:11.896;323699;30.000;39.749
21:11:12.008;323799;30.000;38.908
21:11:12.010;323899;30.000;38.842
21:11:12.119;323999;30.000;40.145
21:11:12.229;324099;30.000;39.047
21:11:12.341;324199;30.000;40.193
21:11:12.452;324299;30.000;39.112
21:11:12.563;324399;30.000;40.345
21:11:12.674;324499;30.000;40.678
21:11:12.782;324599;30.000;38.649
21:11:12.891;324699;0.000;39.397
21:11:13.002;324799;0.000;36.574
21:11:13.113;324899;0.000;38.573
21:11:13.114;324999;0.000;36.635
21:11:13.223;325099;0.000;35.703
21:11:13.335;325199;0.000;34.874
21:11:13.445;325299;0.000;35.140
21:11:13.557;325399;0.000;34.941
21:11:13.665;325499;0.000;35.267
21:11:13.771;325599;0.000;35.515
21:11:13.876;325699;0.000;34.054
21:11:13.981;325799;0.000;32.950
21:11:14.086;325899;0.000;34.506
21:11:14.191;325999;0.000;32.121
21:11:14.296;326099;0.000;32.229
21:11:14.403;326199;0.000;33.044
21:11:14.515;326299;0.000;30.791
21:11:14.517;326399;0.000;33.440
21:11:14.627;326499;0.000;31.534
21:11:14.736;326600;0.000;30.410
21:11:14.841;326699;0.000;29.936
21:11:14.946;326799;0.000;28.710
21:11:15.051;326899;0.000;29.461
21:11:15.156;326999;0.000;26.857
21:11:15.265;327099;0.000;28.196
21:11:15.377;327199;0.000;28.194
21:11:15.488;327299;0.000;27.901
21:11:15.600;327399;0.000;27.562
21:11:15.711;327499;0.000;27.101
21:11:15.715;327599;0.000;25.195
21:11:15.820;327699;0.000;26.717
21:11:15.928;327799;0.000;26.507
21:11:16.035;327899;0.000;25.714
21:11:16.145;327999;0.000;23.824
21:11:16.255;328099;0.000;26.223
21:11:16.368;328199;0.000;25.530
21:11:16.477;328299;0.000;22.986
21:11:16.588;328399;0.000;23.398
21:11:16.700;328499;0.000;23.105
21:11:16.810;328599;0.000;23.750
21:11:16.813;328699;0.000;24.249
21:11:16.918;328799;0.000;22.764
21:11:17.026;328899;0.000;21.752
21:11:17.135;328999;0.000;21.909
21:11:17.241;329099;0.000;20.912
21:11:17.350;329199;0.000;22.589
21:11:17.456;329299;0.000;22.755
21:11:17.561;329399;0.000;21.866
21:11:17.666;329500;0.000;21.344
21:11:17.772;329599;0.000;21.897
21:11:17.884;329699;0.000;20.251
21:11:17.995;329799;0.000;20.661
21:11:18.107;329899;0.000;20.113
21:11:18.108;329999;0.000;19.232
21:11:18.218;330099;0.000;20.541
21:11:18.331;330199;0.000;20.138
21:11:18.435;330299;0.000;19.301
21:11:18.541;330399;0.000;19.711
21:11:18.651;330499;0.000;20.644
21:11:18.762;330599;0.000;18.338
21:11:18.870;330699;0.000;19.146
21:11:18.981;330799;0.000;20.147
21:11:19.094;330899;0.000;19.414
21:11:19.205;330999;0.000;18.385
21:11:19.317;331099;0.000;18.568
21:11:19.320;331199;0.000;18.339
21:11:19.429;331299;0.000;17.431
21:11:19.538;331399;0.000;16.446
21:11:19.650;331499;0.000;17.390
21:11:19.763;331599;0.000;16.893
21:11:19.868;331700;0.000;17.628
21:11:19.975;331799;0.000;16.672
21:11:20.084;331899;0.000;15.379
21:11:20.191;331999;0.000;15.873
21:11:20.296;332099;0.000;17.519
21:11:20.401;332199;0.000;15.287
21:11:20.506;332299;0.000;15.590
21:11:20.509;332399;0.000;14.594
21:11:20.613;332499;0.000;18.060
21:11:20.718;332599;0.000;14.214
21:11:20.825;332699;0.000;16.167
21:11:20.935;332799;0.000;14.194
21:11:21.045;332899;0.000;14.271
21:11:21.153;332999;0.000;17.553
21:11:21.264;333099;0.000;14.620
21:11:21.373;333199;0.000;13.771
21:11:21.481;333299;0.000;14.248
21:11:21.591;333399;0.000;13.618
21:11:21.702;333499;0.000;13.447
21:11:21.812;333599;0.000;14.105
21:11:21.813;333699;0.000;13.887
21:11:21.924;333799;0.000;12.856
21:11:22.032;333899;0.000;13.453
21:11:22.143;333999;0.000;13.310
21:11:22.256;334099;0.000;12.822
21:11:22.367;334199;0.000;13.188
21:11:22.477;334299;0.000;13.435
21:11:22.584;334399;0.000;12.570
21:11:22.694;334499;0.000;13.544
21:11:22.806;334599;0.000;12.272
21:11:22.808;334699;0.000;12.441
21:11:22.913;334799;0.000;12.276
21:11:23.024;334899;0.000;12.296
21:11:23.136;334999;0.000;12.161
21:11:23.245;335099;0.000;11.760
21:11:23.357;335199;0.000;12.025
21:11:23.468;335299;0.000;11.568
21:11:23.576;335399;0.000;11.798
21:11:23.686;335499;0.000;11.791
21:11:23.798;335599;0.000;11.453
21:11:23.910;335699;0.000;11.710
21:11:23.912;335799;0.000;12.836
21:11:24.022;335899;0.000;11.391
21:11:24.133;336000;0.000;11.640
21:11:24.245;336099;0.000;10.872
21:11:24.357;336199;0.000;12.437
21:11:24.466;336299;0.000;11.319
21:11:24.574;336399;0.000;11.298
21:11:24.681;336499;0.000;11.215
21:11:24.791;336599;0.000;10.931
21:11:24.901;336699;0.000;10.775
21:11:25.009;336799;0.000;11.267
21:11:25.011;336899;0.000;11.026
21:11:25.121;336999;0.000;10.893
21:11:25.229;337099;0.000;10.802
21:11:25.339;337199;0.000;11.497
21:11:25.451;337299;0.000;10.659
21:11:25.558;337399;0.000;10.564
21:11:25.665;337499;0.000;11.014
21:11:25.771;337599;0.000;10.796
21:11:25.876;337699;0.000;10.807
21:11:25.981;337799;0.000;10.369
21:11:26.092;337899;0.000;10.387
21:11:26.204;337999;0.000;10.318
21:11:26.314;338099;0.000;10.826
21:11:26.316;338199;0.000;10.108
21:11:26.426;338299;0.000;10.219
21:11:26.536;338400;0.000;10.961
21:11:26.646;338499;0.000;10.076
21:11:26.759;338599;0.000;10.391
21:11:26.867;338699;0.000;9.516
21:11:26.976;338799;0.000;10.222
21:11:27.084;338899;0.000;10.041
21:11:27.194;338999;0.000;11.768
21:11:27.305;339099;0.000;9.560
21:11:27.415;339199;0.000;10.267
21:11:27.417;339299;0.000;11.527
21:11:27.526;339399;0.000;9.514
21:11:27.638;339499;0.000;9.580
21:11:27.747;339599;0.000;9.514
21:11:27.859;339699;0.000;10.582
21:11:27.972;339799;0.000;9.696
21:11:28.081;339899;0.000;9.319
21:11:28.186;339999;0.000;9.283
21:11:28.291;340099;0.000;9.138
21:11:28.395;340199;0.000;9.501
21:11:28.501;340299;0.000;9.248
21:11:28.606;340399;0.000;9.279
21:11:28.609;340499;0.000;9.097
21:11:28.715;340599;0.000;9.083
21:11:28.821;340699;0.000;9.339
21:11:28.926;340799;0.000;9.685
21:11:29.035;340899;0.000;8.862
21:11:29.141;340999;0.000;9.707
21:11:29.251;341099;0.000;9.068
21:11:29.363;341199;0.000;9.948
21:11:29.474;341299;0.000;9.649
21:11:29.587;341399;0.000;8.362
21:11:29.695;341499;0.000;8.576
21:11:29.805;341599;0.000;8.954
21:11:29.915;341699;0.000;8.705
21:11:29.916;341800;0.000;9.414
21:11:30.026;341899;0.000;8.459
21:11:30.136;341999;0.000;8.293
21:11:30.247;342099;0.000;8.540
21:11:30.357;342199;0.000;8.769
21:11:30.468;342299;0.000;8.325
21:11:30.579;342399;0.000;8.599
21:11:30.689;342499;0.000;8.772
21:11:30.800;342599;0.000;9.076
21:11:30.911;342699;0.000;8.242
21:11:30.913;342799;0.000;8.799
21:11:31.022;342899;0.000;8.412
21:11:31.134;342999;0.000;8.091
21:11:31.246;343099;0.000;8.593
21:11:31.355;343199;0.000;8.133
21:11:31.461;343299;0.000;8.988
21:11:31.566;343399;0.000;7.702
21:11:31.671;343499;0.000;7.943
21:11:31.781;343599;0.000;8.041
21:11:31.893;343699;0.000;8.450
21:11:32.007;343799;0.000;7.807
21:11:32.010;343899;0.000;7.828
21:11:32.114;343999;0.000;7.813
21:11:32.224;344099;0.000;7.743
21:11:32.331;344199;0.000;8.723
21:11:32.436;344299;0.000;7.974
21:11:32.541;344399;0.000;8.073
21:11:32.646;344499;0.000;8.051
21:11:32.755;344599;0.000;7.611
21:11:32.861;344699;0.000;8.079
21:11:32.966;344799;0.000;7.429
21:11:33.072;344899;0.000;7.656
21:11:33.181;344999;0.000;7.338
21:11:33.286;345099;0.000;7.955
21:11:33.391;345199;0.000;7.484
21:11:33.496;345299;0.000;7.576
21:11:33.601;345399;0.000;7.868
21:11:33.706;345499;0.000;7.393
21:11:33.707;345599;0.000;7.181
21:11:33.814;345699;0.000;7.158
21:11:33.926;345799;0.000;7.180
21:11:34.038;345899;0.000;7.186
21:11:34.149;345999;0.000;7.183
21:11:34.259;346099;0.000;7.188
21:11:34.370;346199;0.000;7.210
21:11:34.478;346299;0.000;7.148
21:11:34.586;346399;0.000;7.163
21:11:34.696;346499;0.000;7.179
21:11:34.803;346599;0.000;7.139
21:11:34.914;346699;0.000;7.189
21:11:34.916;346799;0.000;7.158
21:11:35.026;346899;0.000;7.176
21:11:35.138;347000;0.000;7.190
21:11:35.246;347099;0.000;7.187
21:11:35.355;347199;0.000;7.183
21:11:35.461;347299;0.000;7.200
21:11:35.566;347399;0.000;7.186
21:11:35.671;347499;0.000;7.172
21:11:35.780;347599;0.000;7.196
21:11:35.891;347699;0.000;7.179
21:11:36.002;347799;0.000;7.188
21:11:36.108;347899;0.000;7.212
21:11:36.110;347999;0.000;7.207
21:11:36.216;348099;0.000;7.195
21:11:36.321;348199;0.000;7.179
21:11:36.431;348299;0.000;7.084
