21:12:32.966;ms;SP_pct;FB1_pct;FB2_pct;FB3_pct;FB4_pct;FB5_pct;FB6_pct
21:12:32.968;115;0;7.155;7.302;6.618;7.399;6.984;7.009
21:12:32.971;214;0;9.206;7.497;6.374;7.350;6.960;3.394
21:12:32.972;314;0;7.179;7.350;6.716;7.204;7.155;6.984
21:12:32.975;414;0;7.155;7.375;6.716;7.399;6.935;7.009
21:12:32.976;514;0;7.179;7.546;6.862;7.350;7.009;7.106
21:12:32.978;614;0;6.984;7.302;6.569;7.277;6.960;6.984
21:12:32.980;714;0;7.106;7.277;10.427;7.350;7.155;6.960
21:12:32.983;814;0;7.009;7.302;4.811;7.350;6.862;6.960
21:12:33.089;914;0;7.082;7.302;5.446;7.521;6.960;6.960
21:12:33.197;1014;0;7.302;7.253;6.032;7.302;6.911;7.106
21:12:33.305;1114;0;7.204;7.326;6.520;7.399;7.009;7.009
21:12:33.306;1214;0;7.155;7.302;6.569;7.326;6.984;7.009
21:12:33.412;1314;0;7.204;7.350;6.813;7.497;3.834;7.033
21:12:33.518;1414;0;7.399;7.204;6.618;7.253;6.960;7.106
21:12:33.626;1514;0;7.228;7.253;6.618;7.497;6.911;6.960
21:12:33.734;1614;0;7.228;6.422;6.569;7.326;6.984;7.033
21:12:33.839;1714;0;7.155;7.350;6.618;7.204;6.911;7.009
21:12:33.947;1814;0;6.960;7.228;6.618;7.277;6.545;6.422
21:12:34.054;1914;0;7.106;7.253;6.569;7.253;6.960;6.960
21:12:34.163;2014;0;7.204;7.253;6.740;7.350;7.155;7.009
21:12:34.271;2114;0;7.253;7.350;6.618;7.399;6.911;7.009
21:12:34.378;2214;0;7.228;7.350;5.446;7.424;7.204;7.106
21:12:34.487;2314;0;7.155;7.277;6.545;7.253;4.884;7.033
21:12:34.596;2414;0;7.204;7.253;7.497;7.253;6.960;6.911
21:12:34.704;2514;0;6.935;7.253;6.618;7.399;6.960;3.541
21:12:34.706;2614;0;7.204;7.350;7.985;7.204;6.960;7.131
21:12:34.816;2714;0;7.302;7.253;6.593;7.228;7.009;7.106
21:12:34.925;2814;0;6.960;7.277;6.545;7.302;7.155;6.960
21:12:35.033;2914;0;7.155;7.546;7.595;7.350;6.960;7.009
21:12:35.141;3014;0;7.179;7.350;6.569;7.253;6.960;7.009
21:12:35.248;3114;0;7.155;7.350;6.764;7.399;6.984;7.009
21:12:35.358;3214;0;5.275;7.302;6.593;7.253;6.911;7.009
21:12:35.470;3314;0;7.253;7.253;6.520;7.473;7.106;6.960
21:12:35.579;3414;0;7.155;7.326;6.520;7.350;9.109;6.960
21:12:35.687;3514;0;6.838;7.277;6.569;7.253;6.960;7.009
21:12:35.797;3614;0;6.935;7.302;7.106;7.277;6.935;6.911
21:12:35.908;3714;0;7.106;7.326;6.789;7.204;8.132;7.009
21:12:35.910;3814;0;7.155;8.571;6.618;7.350;6.960;7.033
21:12:36.018;3914;0;7.228;7.399;6.569;7.302;6.960;7.009
21:12:36.129;4014;0;7.155;7.155;4.371;7.302;7.375;7.009
21:12:36.240;4114;0;7.009;7.302;6.520;7.204;6.911;6.935
21:12:36.344;4214;0;7.302;7.497;6.960;7.302;6.960;6.960
21:12:36.453;4314;0;7.302;10.818;6.764;7.302;6.935;7.131
21:12:36.565;4414;0;7.155;6.911;6.716;7.302;6.911;6.716
21:12:36.674;4514;0;8.376;7.326;7.595;7.350;7.009;7.106
21:12:36.780;4614;0;7.204;7.302;6.569;7.350;7.009;7.009
21:12:36.892;4714;0;7.375;7.155;6.569;7.253;6.984;6.716
21:12:37.001;4814;0;8.571;7.595;6.520;7.253;6.960;6.984
21:12:37.003;4914;0;7.106;7.302;6.618;7.302;7.106;7.009
21:12:37.109;5014;0;7.106;7.350;6.593;7.302;6.960;7.009
21:12:37.219;5114;0;7.228;7.302;6.667;7.302;6.960;6.422
21:12:37.326;5214;0;6.569;7.350;6.618;7.302;7.009;7.009
21:12:37.434;5314;0;7.350;2.979;6.593;7.497;6.984;6.911
21:12:37.544;5414;0;7.253;7.326;6.569;7.741;7.155;6.911
21:12:37.653;5514;0;7.106;7.302;6.618;7.350;6.984;6.935
21:12:37.763;5614;0;7.009;7.375;15.116;7.546;6.935;6.960
21:12:37.870;5714;0;7.155;7.302;6.520;7.302;6.984;6.960
21:12:37.983;5814;0;6.545;7.302;6.032;7.277;6.960;6.838
21:12:38.094;5914;0;7.302;7.375;6.569;7.253;6.960;7.131
21:12:38.200;6014;0;7.204;7.253;6.520;7.375;7.131;7.009
21:12:38.312;6114;0;7.106;7.350;6.545;7.399;6.716;7.009
21:12:38.314;6214;0;7.155;7.253;4.298;6.911;6.154;6.960
21:12:38.419;6314;0;7.204;6.813;6.764;7.302;6.935;6.960
21:12:38.528;6414;0;8.278;7.302;7.106;7.277;6.911;7.009
21:12:38.637;6514;0;7.302;7.204;6.081;7.302;7.009;7.106
21:12:38.748;6614;0;7.106;7.326;6.545;7.302;6.935;7.350
21:12:38.857;6714;0;7.204;5.836;6.496;7.521;6.911;7.009
21:12:38.964;6814;0;8.034;7.399;5.201;7.302;6.935;7.106
21:12:39.069;6914;0;7.155;7.302;6.520;7.497;7.985;6.960
21:12:39.180;7014;0;7.033;7.399;6.618;7.131;6.960;6.422
21:12:39.394;7214;0;7.155;7.302;6.667;7.350;7.009;6.520
21:12:39.499;7314;0;7.497;8.425;6.545;7.253;7.009;7.009
21:12:39.609;7414;0;8.327;7.277;8.034;7.204;6.911;7.009
21:12:39.612;7514;0;7.253;7.106;6.813;7.277;6.716;6.960
21:12:39.718;7614;0;7.302;7.277;6.569;7.302;6.960;1.880
21:12:39.825;7714;0;7.106;7.253;6.618;7.302;7.106;7.033
21:12:39.935;7814;0;7.033;7.350;6.618;7.302;6.984;7.009
21:12:40.155;8014;0;7.253;7.253;6.593;7.253;7.033;6.911
21:12:40.261;8114;0;7.155;7.375;6.716;7.277;7.009;6.984
21:12:40.368;8214;0;7.228;7.253;6.618;7.302;6.935;7.009
21:12:40.476;8314;0;7.009;6.569;6.545;6.813;6.960;6.960
21:12:40.582;8414;0;7.106;7.302;8.742;7.497;6.227;7.009
21:12:40.691;8514;0;7.106;7.302;7.643;7.473;6.960;6.911
21:12:40.799;8614;0;7.131;7.277;8.816;7.570;6.911;7.009
21:12:40.910;8714;0;7.179;6.569;6.593;6.911;7.009;6.960
21:12:40.913;8814;0;7.253;7.277;4.176;7.009;6.227;7.155
21:12:41.019;8914;0;7.277;7.253;6.593;7.790;7.009;6.960
21:12:41.128;9014;0;7.131;7.497;6.569;9.621;7.009;6.960
21:12:41.241;9114;0;7.106;7.253;6.618;7.253;7.009;6.960
21:12:41.350;9214;0;7.009;7.302;6.618;7.448;6.960;6.374
21:12:41.461;9314;0;7.155;7.253;6.593;9.548;7.131;6.960
21:12:41.572;9414;0;7.253;7.155;6.593;6.764;6.960;6.960
21:12:41.794;9614;30.000;6.960;7.253;6.520;7.302;7.033;7.228
21:12:41.902;9714;30.000;7.399;7.546;6.740;5.739;7.643;7.546
21:12:41.904;9814;30.000;9.304;7.546;7.009;7.643;7.497;15.531
21:12:42.010;9914;30.000;7.985;7.985;7.179;7.692;7.741;8.132
21:12:42.117;10014;30.000;7.961;8.083;7.277;8.034;2.222;7.766
21:12:42.224;10114;30.000;8.034;8.132;9.133;8.083;7.717;8.034
21:12:42.332;10214;30.000;4.029;8.230;7.692;8.327;8.034;7.985
21:12:42.442;10314;30.000;7.131;8.523;8.010;8.523;8.083;3.785
21:12:42.554;10414;30.000;7.985;8.571;8.132;8.669;8.278;8.278
21:12:42.666;10514;30.000;9.109;26.667;8.254;7.985;7.692;8.864
21:12:42.778;10614;30.000;8.962;10.159;8.376;8.864;8.523;8.889
21:12:42.887;10714;30.000;9.304;8.962;8.694;9.353;11.355;8.913
21:12:42.999;10814;30.000;9.548;9.255;8.864;9.695;0;9.182
21:12:43.108;10914;30.000;9.548;9.548;9.060;12.967;8.352;9.353
21:12:43.110;11014;30.000;9.939;9.670;4.860;9.548;9.109;9.597
21:12:43.218;11114;30.000;9.963;9.744;9.524;9.548;13.675;9.084
21:12:43.330;11214;30.000;10.232;9.695;9.597;9.695;9.499;9.890
21:12:43.440;11314;30.000;10.354;8.669;9.646;9.915;9.646;10.012
21:12:43.551;11414;30.000;10.598;10.159;9.646;9.841;9.646;10.232
21:12:43.659;11514;30.000;10.403;10.330;10.012;10.525;24.298;10.037
21:12:43.769;11614;30.000;11.087;10.525;10.134;9.597;9.939;10.525
21:12:43.880;11714;30.000;10.818;24.347;10.232;10.501;9.988;10.672
21:12:43.990;11814;30.000;11.160;10.672;10.623;13.944;9.915;10.794
21:12:44.102;11914;30.000;11.233;10.818;9.744;12.479;10.037;11.038
21:12:44.209;12014;30.000;11.453;11.160;10.769;10.916;10.403;11.502
21:12:44.213;12114;30.000;9.988;2.515;10.867;11.111;10.403;11.990
21:12:44.317;12214;30.000;11.038;11.136;11.258;11.062;10.623;4.469
21:12:44.424;12314;30.000;11.746;12.674;11.111;11.136;10.696;11.551
21:12:44.529;12414;30.000;11.844;11.258;11.453;11.844;10.672;11.819
21:12:44.634;12514;30.000;11.893;11.795;11.600;17.802;10.818;12.039
21:12:44.739;12614;30.000;12.332;11.526;11.648;12.283;10.916;11.819
21:12:44.846;12714;30.000;11.600;11.526;11.941;11.990;26.081;11.844
21:12:44.956;12814;30.000;12.381;11.795;12.210;11.404;13.040;11.941
21:12:45.067;12914;30.000;12.650;12.381;12.186;11.819;11.258;12.357
21:12:45.178;13014;30.000;12.772;18.022;12.234;11.990;11.160;12.332
21:12:45.286;13114;30.000;12.332;11.893;12.381;12.210;11.526;19.243
21:12:45.398;13214;30.000;12.918;9.060;12.625;12.283;11.575;12.772
21:12:45.507;13314;30.000;12.967;12.088;12.796;16.581;11.575;12.918
21:12:45.508;13414;30.000;13.284;11.844;21.587;6.178;11.893;12.967
21:12:45.616;13514;30.000;13.626;12.332;11.990;12.088;11.966;13.016
21:12:45.727;13614;30.000;13.748;12.381;13.114;13.016;11.990;13.260
21:12:45.838;13714;30.000;16.239;12.039;13.211;11.697;11.990;12.308
21:12:45.949;13814;30.000;12.918;12.674;13.089;12.234;12.088;13.455
21:12:46.058;13914;30.000;13.871;12.821;50.940;12.357;12.259;13.455
21:12:46.164;14014;30.000;13.846;12.918;13.480;12.332;12.308;13.236
21:12:46.276;14114;30.000;13.895;14.799;13.382;12.747;12.283;13.773
21:12:46.386;14214;30.000;14.237;13.114;13.553;4.176;12.381;14.286
21:12:46.493;14314;30.000;13.871;13.382;13.773;12.674;12.698;13.895
21:12:46.601;14414;30.000;14.921;13.211;13.919;12.332;12.430;13.748
21:12:46.712;14514;30.000;14.530;13.358;14.237;12.723;12.381;13.993
21:12:46.716;14614;30.000;14.335;13.675;14.261;13.114;12.430;14.139
21:12:46.820;14714;30.000;14.530;13.529;12.967;12.381;12.430;14.579
21:12:46.927;14814;30.000;9.866;13.602;14.335;12.772;12.698;13.993
21:12:47.035;14914;30.000;14.432;13.162;11.600;9.206;12.674;14.335
21:12:47.141;15014;30.000;14.725;12.943;14.432;13.016;12.650;15.433
21:12:47.248;15114;30.000;15.043;13.504;11.111;12.772;12.283;14.676
21:12:47.356;15214;30.000;15.360;13.773;15.800;12.625;12.674;14.554
21:12:47.463;15314;30.000;12.698;13.553;14.896;13.114;18.730;13.431
21:12:47.574;15414;30.000;15.067;13.944;14.921;14.823;12.625;14.799
21:12:47.684;15514;30.000;32.479;13.895;14.921;8.547;12.674;15.116
21:12:47.793;15614;30.000;15.189;12.967;14.969;12.772;12.039;14.969
21:12:47.903;15714;30.000;15.409;13.553;15.165;12.747;9.695;15.067
21:12:47.906;15814;30.000;16.264;13.797;15.360;12.674;12.625;15.214
21:12:48.012;15914;30.000;14.921;13.626;15.311;12.918;14.628;14.823
21:12:48.119;16014;30.000;15.556;10.452;15.604;12.723;12.674;15.409
21:12:48.228;16114;30.000;13.602;13.797;15.409;12.674;14.823;14.799
21:12:48.340;16214;30.000;15.849;13.846;15.214;0;12.943;14.725
21:12:48.450;16314;30.000;16.630;13.626;16.410;12.674;12.821;13.846
21:12:48.559;16414;30.000;15.946;12.234;17.949;12.821;12.869;15.556
21:12:48.669;16514;30.000;16.093;13.846;15.018;12.772;2.857;15.556
21:12:48.781;16614;30.000;16.190;23.126;15.897;12.186;12.821;15.604
21:12:48.893;16714;30.000;16.093;13.260;15.800;12.674;12.723;15.824
21:12:49.004;16814;30.000;16.239;13.724;15.897;11.697;12.796;15.897
21:12:49.007;16914;30.000;15.800;13.993;15.946;12.723;12.821;40.904
21:12:49.111;17014;30.000;16.386;5.250;16.093;12.796;12.747;16.093
21:12:49.223;17114;30.000;16.508;13.382;16.093;12.869;12.869;17.705
21:12:49.330;17214;30.000;16.337;13.724;15.604;12.723;11.233;16.068
21:12:49.437;17314;30.000;16.996;13.651;16.264;12.308;12.821;16.142
21:12:49.549;17414;30.000;16.581;13.651;16.337;12.405;12.821;14.579
21:12:49.660;17514;30.000;18.242;11.844;16.215;12.674;12.918;24.811
21:12:49.769;17614;30.000;16.606;13.260;16.361;13.211;12.772;16.288
21:12:49.874;17714;30.000;16.606;13.602;16.386;13.358;12.723;16.337
21:12:49.985;17814;30.000;16.679;13.651;16.508;3.053;12.918;16.532
21:12:50.094;17914;30.000;16.532;13.602;16.484;12.283;12.772;16.215
21:12:50.206;18014;30.000;16.410;3.346;16.630;12.869;12.772;16.239
21:12:50.208;18114;30.000;16.557;13.260;16.630;13.162;8.376;16.337
21:12:50.318;18214;30.000;16.532;13.748;22.540;12.772;13.040;16.264
21:12:50.430;18314;30.000;16.581;13.504;17.021;12.283;12.723;16.386
21:12:50.542;18414;30.000;16.777;13.797;16.777;12.821;44.225;15.360
21:12:50.654;18514;30.000;18.877;13.480;16.777;13.138;12.821;14.969
21:12:50.766;18614;30.000;16.874;13.748;16.874;7.497;12.796;16.532
21:12:50.876;18714;30.000;16.606;12.869;16.874;12.869;12.918;23.321
21:12:50.985;18814;30.000;17.314;13.480;41.978;10.623;12.821;16.630
21:12:51.091;18914;30.000;16.777;13.773;16.996;12.723;12.869;20.464
21:12:51.199;19014;30.000;16.630;13.602;15.897;12.747;11.673;16.313
21:12:51.304;19114;30.000;16.630;13.748;15.897;12.381;12.918;16.532
21:12:51.306;19214;30.000;16.630;13.578;17.314;12.772;12.625;16.484
21:12:51.411;19314;30.000;16.679;30.794;17.118;12.869;12.918;16.386
21:12:51.523;19414;30.000;16.679;13.553;17.192;11.502;12.918;16.190
21:12:51.744;19614;50.000;16.923;13.895;17.509;13.089;12.479;16.630
21:12:51.854;19714;50.000;17.363;14.383;19.853;13.431;13.651;0
21:12:51.964;19814;50.000;39.976;14.799;18.193;12.381;13.846;17.387
21:12:52.069;19914;50.000;18.046;15.140;18.584;14.286;14.017;17.460
21:12:52.180;20014;50.000;19.072;15.507;18.730;16.215;14.628;26.691
21:12:52.288;20114;50.000;16.923;30.452;19.365;15.140;14.969;18.926
21:12:52.394;20214;50.000;18.291;16.386;19.512;15.507;19.048;17.167
21:12:52.503;20314;50.000;20.147;16.728;16.337;15.849;15.531;19.414
21:12:52.504;20414;50.000;19.805;17.070;20.098;15.946;16.093;19.072
21:12:52.612;20515;50.000;20.513;11.893;20.855;15.824;16.361;20.049
21:12:52.722;20614;50.000;20.415;23.175;21.148;16.972;3.834;20.244
21:12:52.829;20714;50.000;20.147;18.095;21.270;17.460;18.217;8.474
21:12:52.937;20814;50.000;19.927;18.632;21.661;17.656;32.967;18.608
21:12:53.044;20914;50.000;21.807;12.308;23.175;18.144;17.802;21.172
21:12:53.151;21014;50.000;22.027;19.121;22.442;18.291;18.193;21.441
21:12:53.261;21114;50.000;22.393;19.512;25.446;19.219;18.315;21.758
21:12:53.369;21214;50.000;22.637;19.902;22.979;18.730;18.559;21.612
21:12:53.479;21314;50.000;21.368;20.513;23.126;19.634;18.974;23.565
21:12:53.585;21414;50.000;23.028;35.092;23.419;20.000;15.800;22.784
21:12:53.692;21514;50.000;22.735;20.781;23.761;20.049;19.512;22.076
21:12:53.804;21614;50.000;26.154;9.646;25.372;16.239;19.194;23.101
21:12:53.806;21714;50.000;23.858;21.319;24.420;20.830;20.147;23.419
21:12:53.914;21814;50.000;23.907;22.100;21.392;21.172;20.244;23.810
21:12:54.026;21914;50.000;24.322;19.512;21.832;21.172;20.513;24.054
21:12:54.134;22014;50.000;24.689;22.198;25.177;21.880;20.781;24.371
21:12:54.243;22114;50.000;24.811;23.297;25.299;34.725;20.928;24.542
21:12:54.353;22214;50.000;25.372;22.491;25.739;21.294;28.889;20.781
21:12:54.464;22314;50.000;23.370;22.173;25.763;22.320;21.709;39.878
21:12:54.577;22414;50.000;25.568;22.637;25.177;22.393;22.051;25.543
21:12:54.685;22514;50.000;26.300;23.663;28.767;22.247;22.247;25.861
21:12:54.796;22614;50.000;26.105;23.614;25.665;27.570;21.392;26.007
21:12:54.902;22714;50.000;26.642;23.687;27.057;22.979;30.403;19.902
21:12:54.904;22814;50.000;26.740;23.907;42.393;15.556;22.882;26.325
21:12:55.011;22914;50.000;27.546;24.322;27.326;23.956;23.028;26.691
21:12:55.121;23014;50.000;27.106;24.860;27.473;23.712;23.004;26.886
21:12:55.231;23114;50.000;27.253;24.860;27.350;24.322;23.614;27.228
21:12:55.342;23214;50.000;27.473;25.275;24.811;25.763;22.833;27.277
21:12:55.451;23314;50.000;27.619;25.519;27.863;24.762;24.103;11.111
21:12:55.556;23414;50.000;28.327;15.800;31.380;23.419;24.103;27.717
21:12:55.664;23514;50.000;28.010;25.861;28.498;25.739;24.298;25.983
21:12:55.770;23614;50.000;28.694;25.470;25.275;24.762;24.567;29.182
21:12:55.879;23714;50.000;29.621;26.154;29.035;23.394;26.081;26.862
21:12:55.987;23814;50.000;22.369;26.862;29.084;25.910;25.226;28.596
21:12:56.094;23914;50.000;58.779;22.589;29.035;26.545;24.933;28.840
21:12:56.204;24014;50.000;28.889;25.763;28.840;26.496;25.470;28.791
21:12:56.205;24114;50.000;29.182;26.398;28.889;26.496;25.519;29.182
21:12:56.314;24214;50.000;31.770;27.057;31.868;26.398;25.714;29.402
21:12:56.426;24314;50.000;28.596;27.937;30.012;27.228;25.983;29.231
21:12:56.538;24414;50.000;40.122;26.276;29.915;25.958;26.081;29.670
21:12:56.650;24514;50.000;30.256;27.912;30.549;45.104;14.237;29.817
21:12:56.758;24614;50.000;30.305;27.228;30.598;27.546;27.131;40.830
21:12:56.870;24714;50.000;31.770;28.254;26.300;27.692;27.546;25.910
21:12:56.982;24814;50.000;20.488;30.452;30.989;27.521;26.545;30.305
21:12:57.092;24914;50.000;30.549;29.231;30.794;28.010;26.081;30.647
21:12:57.204;25014;50.000;22.149;29.133;30.061;27.692;27.131;30.623
21:12:57.206;25114;50.000;31.526;28.694;31.087;28.742;20.293;30.916
21:12:57.317;25214;50.000;31.160;28.791;30.281;28.327;26.789;30.989
21:12:57.424;25314;50.000;31.746;29.670;30.647;28.254;21.221;31.136
21:12:57.534;25414;50.000;32.405;27.985;32.576;28.303;27.546;31.184
21:12:57.646;25514;50.000;31.941;9.597;33.089;27.179;27.790;31.624
21:12:57.758;25614;50.000;32.088;29.084;31.917;29.182;28.010;34.823
21:12:57.870;25714;50.000;23.980;30.452;32.112;29.133;28.010;31.868
21:12:57.978;25814;50.000;32.161;27.204;32.357;28.278;28.254;31.722
21:12:58.086;25914;50.000;32.381;29.597;32.601;35.653;25.617;32.161
21:12:58.191;26014;50.000;33.040;30.037;32.405;29.475;28.498;32.259
21:12:58.302;26114;50.000;32.747;30.208;32.747;29.890;38.217;31.624
21:12:58.409;26214;50.000;32.747;30.403;32.747;28.254;29.060;32.503
21:12:58.410;26314;50.000;32.772;29.548;32.747;30.159;28.913;32.650
21:12:58.515;26414;50.000;32.650;30.647;33.187;30.354;26.471;32.405
21:12:58.621;26514;50.000;33.040;28.694;33.480;30.427;28.889;32.723
21:12:58.729;26614;50.000;31.600;30.842;33.284;30.452;29.426;29.597
21:12:58.835;26714;50.000;33.333;29.280;34.603;29.524;29.451;33.187
21:12:58.947;26814;50.000;34.286;30.549;33.284;30.403;29.475;33.333
21:12:59.059;26914;50.000;34.359;31.209;33.675;30.232;12.698;33.553
21:12:59.167;27014;50.000;34.701;30.354;35.092;30.794;29.817;33.284
21:12:59.278;27114;50.000;33.382;22.198;36.801;30.989;29.915;33.089
21:12:59.387;27214;50.000;33.504;31.526;34.090;31.209;29.963;33.871
21:12:59.497;27314;50.000;31.184;32.015;31.746;30.745;30.256;33.822
21:12:59.606;27414;50.000;36.972;31.673;34.505;31.136;56.825;32.576
21:12:59.610;27514;50.000;35.336;31.893;34.237;31.526;30.208;34.090
21:12:59.711;27614;50.000;34.335;46.178;34.310;31.136;30.256;34.115
21:12:59.819;27714;50.000;34.603;31.575;34.481;34.701;29.499;34.359
21:12:59.924;27814;50.000;34.554;35.116;32.503;31.819;30.525;34.554
21:13:00.033;27914;50.000;34.237;31.575;35.824;31.624;31.844;33.529
21:13:00.144;28014;50.000;34.872;27.228;36.288;31.526;30.672;34.603
21:13:00.257;28114;50.000;34.896;31.770;33.431;31.722;26.935;34.579
21:13:00.366;28214;50.000;35.092;31.868;34.994;25.226;30.940;35.897
21:13:00.476;28314;50.000;35.409;30.208;35.092;22.882;30.989;35.726
21:13:00.585;28414;50.000;35.531;31.844;35.140;32.479;40.122;24.689
21:13:00.692;28514;50.000;35.336;31.722;35.433;32.357;27.326;34.847
21:13:00.802;28614;50.000;35.531;29.524;34.945;13.895;31.136;35.433
21:13:00.804;28714;50.000;35.433;32.332;35.238;32.625;22.100;35.238
21:13:00.912;28814;50.000;35.507;31.526;33.040;32.210;31.184;35.263
21:13:01.022;28914;50.000;36.410;31.770;35.629;31.746;30.452;35.336
21:13:01.134;29014;50.000;35.531;31.844;34.921;32.747;28.645;35.140
21:13:01.246;29114;50.000;33.797;30.159;35.629;32.943;31.575;57.387
21:13:01.356;29214;50.000;36.117;31.819;35.775;33.407;24.469;35.702
21:13:01.466;29314;50.000;33.919;31.868;35.726;32.381;40.464;29.915
21:13:01.579;29414;50.000;36.264;31.770;35.922;33.675;32.112;35.629
21:13:01.686;29514;50.000;31.429;31.722;36.386;33.284;31.770;35.287
21:13:01.797;29614;50.000;36.215;31.429;36.215;33.480;31.893;41.148
21:13:01.905;29714;50.000;36.410;32.015;34.188;38.681;27.009;35.849
21:13:01.907;29815;50.000;36.093;29.939;36.288;33.284;31.966;35.824
21:13:02.012;29914;50.000;36.313;39.048;36.313;32.747;32.308;35.824
21:13:02.121;30014;50.000;36.679;31.477;36.508;31.624;32.234;35.116
21:13:02.231;30114;50.000;36.606;31.600;36.874;33.016;34.823;35.287
21:13:02.341;30214;50.000;36.801;31.966;36.557;34.603;32.527;36.386
21:13:02.450;30314;50.000;37.094;31.819;36.630;32.796;30.134;59.707
21:13:02.561;30414;50.000;36.557;30.549;36.459;30.403;32.625;36.239
21:13:02.671;30514;50.000;36.654;31.819;36.264;32.576;32.601;36.313
21:13:02.783;30614;50.000;36.947;31.160;36.581;33.407;32.357;36.557
21:13:02.890;30714;50.000;36.899;31.990;36.557;33.236;23.712;36.508
21:13:02.998;30814;50.000;40.024;30.842;37.143;32.991;32.552;36.532
21:13:03.104;30914;50.000;35.409;31.819;37.582;32.991;33.040;36.654
21:13:03.106;31014;50.000;36.264;42.369;36.850;33.187;32.601;36.899
21:13:03.214;31114;50.000;38.608;32.186;36.996;33.040;32.698;24.200
21:13:03.323;31214;50.000;37.411;31.526;36.923;33.919;32.015;36.874
21:13:03.430;31314;50.000;33.675;32.112;36.899;33.040;33.114;36.972
21:13:03.650;31514;60.000;37.241;39.658;37.021;35.824;28.376;36.899
21:13:03.760;31614;60.000;37.680;32.650;37.802;34.847;35.165;35.531
21:13:03.870;31714;60.000;38.022;32.283;37.778;38.657;17.705;37.436
21:13:03.982;31814;60.000;38.510;32.527;37.998;36.996;31.966;37.875
21:13:04.089;31914;60.000;38.413;33.236;35.726;33.162;33.919;38.095
21:13:04.199;32014;60.000;38.413;33.138;38.217;34.286;33.822;46.276
21:13:04.310;32114;60.000;38.974;33.407;38.413;33.700;31.844;38.559
21:13:04.315;32214;60.000;38.852;33.382;38.120;34.261;34.603;38.608
21:13:04.420;32314;60.000;29.084;34.701;36.654;15.751;34.823;38.413
21:13:04.529;32414;60.000;39.023;34.554;38.877;35.263;35.043;37.436
21:13:04.636;32514;60.000;39.585;34.212;39.341;35.311;35.775;37.875
21:13:04.746;32614;60.000;40.024;53.797;38.022;35.507;33.895;39.341
21:13:04.856;32714;60.000;40.073;35.140;38.608;36.264;34.066;39.634
21:13:04.964;32814;60.000;40.024;35.140;39.243;36.117;35.800;39.683
21:13:05.074;32914;60.000;37.387;36.093;38.217;36.239;35.897;39.731
21:13:05.182;33014;60.000;40.440;34.896;40.122;36.288;36.068;40.073
21:13:05.293;33114;60.000;40.855;22.344;40.195;36.752;36.386;40.317
21:13:05.402;33214;60.000;40.513;35.873;35.556;36.801;37.314;40.415
21:13:05.404;33314;60.000;36.313;35.629;39.341;36.947;36.606;40.195
21:13:05.513;33414;60.000;41.001;33.797;39.683;37.045;36.947;40.586
21:13:05.625;33514;60.000;40.024;36.459;40.781;37.705;37.924;38.901
21:13:05.735;33614;60.000;41.685;38.974;41.172;37.875;36.947;41.245
21:13:05.844;33714;60.000;41.392;39.438;40.098;37.973;37.241;41.148
21:13:05.956;33814;60.000;41.636;36.923;44.420;37.314;37.827;41.294
21:13:06.065;33914;60.000;41.538;36.899;41.294;38.266;37.778;41.636
21:13:06.170;34014;60.000;41.880;52.821;41.734;38.364;37.094;41.685
21:13:06.280;34114;60.000;42.344;37.973;41.929;39.194;37.924;41.636
21:13:06.389;34214;60.000;42.125;37.680;41.343;38.657;38.046;41.880
21:13:06.495;34314;60.000;40.855;38.120;42.369;38.803;38.217;73.382
21:13:06.606;34414;60.000;42.442;40.244;42.002;43.077;36.996;42.320
21:13:06.608;34514;60.000;42.906;58.926;42.418;38.999;37.778;42.613
21:13:06.717;34614;60.000;44.005;38.217;42.759;36.777;38.828;42.515
21:13:06.824;34714;60.000;42.955;38.779;40.122;38.291;38.852;42.735
21:13:06.935;34814;60.000;41.734;38.852;42.882;39.683;38.901;34.530
21:13:07.045;34914;60.000;42.930;38.926;43.101;38.559;49.011;41.074
21:13:07.149;35014;60.000;43.297;39.389;43.297;39.976;38.803;42.882
21:13:07.260;35114;60.000;43.492;44.005;42.833;39.976;39.292;43.272
21:13:07.370;35214;60.000;43.932;39.389;43.443;39.780;39.536;35.409
21:13:07.476;35314;60.000;43.883;36.947;43.199;40.317;39.634;43.346
21:13:07.586;35414;60.000;41.343;39.512;44.225;40.415;42.906;41.929
21:13:07.696;35514;60.000;45.690;40.586;43.663;40.098;47.937;42.418
21:13:07.805;35614;60.000;44.518;39.731;41.783;59.316;37.192;43.516
21:13:07.807;35714;60.000;44.176;44.200;44.005;40.855;40.147;43.761
21:13:07.914;35814;60.000;44.322;40.317;42.857;41.050;40.049;43.736
21:13:08.019;35914;60.000;44.469;40.537;44.225;40.611;40.488;42.515
21:13:08.128;36014;60.000;44.664;40.513;43.297;40.830;29.963;43.980
21:13:08.234;36114;60.000;44.493;46.667;44.664;40.635;40.317;44.322
21:13:08.339;36214;60.000;49.499;40.391;44.762;35.629;40.464;44.615
21:13:08.444;36314;60.000;44.835;36.825;46.325;41.929;40.488;44.420
21:13:08.550;36415;60.000;43.883;44.908;44.493;41.587;40.586;44.225
21:13:08.656;36514;60.000;45.128;41.099;43.590;54.896;37.387;44.469
21:13:08.764;36614;60.000;42.027;42.466;42.173;41.685;41.001;44.078
21:13:08.874;36714;60.000;45.836;40.977;45.055;41.245;56.679;42.564
21:13:08.984;36814;60.000;46.227;41.294;45.006;41.612;41.197;45.006
21:13:09.093;36914;60.000;44.518;40.781;45.446;41.392;40.611;69.890
21:13:09.202;37014;60.000;45.592;0;45.495;43.297;41.197;45.006
21:13:09.204;37114;60.000;70.891;40.317;45.495;32.747;41.245;45.299
21:13:09.314;37214;60.000;45.885;41.148;44.860;44.127;41.734;45.299
21:13:09.421;37314;60.000;45.739;38.852;45.690;41.612;41.587;50.598
21:13:09.530;37414;60.000;48.425;42.857;50.427;41.905;41.538;45.495
21:13:09.638;37514;60.000;46.422;42.125;45.592;42.466;41.758;44.005
21:13:09.748;37614;60.000;56.386;41.587;45.495;38.462;41.929;39.780
21:13:09.856;37714;60.000;46.618;41.636;45.788;42.735;42.027;49.499
21:13:09.965;37814;60.000;46.178;41.978;45.104;42.076;36.508;45.812
21:13:10.075;37914;60.000;46.374;42.906;46.178;50.745;40.830;45.885
21:13:10.185;38014;60.000;46.300;42.637;44.469;42.466;42.027;45.934
21:13:10.297;38114;60.000;44.249;42.002;46.203;43.639;44.737;43.443
21:13:10.409;38215;60.000;46.471;42.662;44.933;42.564;42.173;46.129
21:13:10.412;38314;60.000;34.603;41.172;46.227;41.636;42.515;47.888
21:13:10.520;38414;60.000;46.569;43.736;64.542;41.001;42.320;45.910
21:13:10.630;38514;60.000;46.642;42.857;46.300;42.466;42.613;43.639
21:13:10.740;38614;60.000;46.862;43.346;46.471;44.908;42.344;46.276
21:13:10.849;38714;60.000;46.032;43.223;46.569;42.173;42.466;48.230
21:13:10.956;38814;60.000;46.984;42.857;46.545;47.204;39.731;46.398
21:13:11.061;38914;60.000;46.618;43.248;44.860;42.393;42.759;46.422
21:13:11.168;39014;60.000;47.033;43.516;46.569;40.220;42.613;46.007
21:13:11.276;39114;60.000;46.764;43.370;45.177;42.369;40.415;46.618
21:13:11.387;39214;60.000;47.033;48.913;46.691;41.001;42.662;46.667
21:13:11.494;39314;60.000;48.571;43.541;47.228;42.369;53.993;45.592
21:13:11.606;39414;60.000;47.204;43.321;45.836;42.686;39.683;46.618
21:13:11.610;39514;60.000;46.764;43.297;45.885;42.540;39.780;46.569
21:13:11.717;39614;60.000;48.645;43.980;100.000;41.880;42.735;46.764
21:13:11.829;39714;60.000;47.057;43.248;51.062;31.184;42.759;46.691
21:13:11.935;39814;60.000;48.034;43.175;47.473;42.808;41.783;47.033
21:13:12.046;39914;60.000;47.350;42.808;47.155;42.466;43.053;56.044
21:13:12.157;40014;60.000;47.155;44.127;46.227;41.929;41.538;46.813
21:13:12.264;40114;60.000;47.106;62.833;47.253;42.711;42.393;47.228
21:13:12.373;40214;60.000;47.179;43.175;47.375;42.637;42.662;46.862
21:13:12.481;40314;60.000;57.021;43.370;47.448;42.418;42.955;42.955
21:13:12.585;40414;60.000;47.375;42.906;47.448;31.013;42.857;45.910
21:13:12.697;40514;60.000;46.520;44.029;47.473;42.418;42.662;51.477
21:13:12.806;40614;60.000;47.546;43.590;44.420;42.540;39.609;47.179
21:13:12.807;40714;60.000;47.302;43.736;47.399;44.640;43.053;46.764
21:13:12.914;40814;60.000;47.179;43.541;47.766;42.515;42.857;46.862
21:13:13.021;40914;60.000;47.106;43.590;47.741;41.783;48.352;45.641
21:13:13.129;41014;60.000;49.817;43.199;38.486;40.171;42.808;47.179
21:13:13.239;41114;60.000;47.619;43.297;47.497;41.294;43.053;49.304
21:13:13.344;41214;60.000;47.546;43.346;47.814;42.466;40.830;47.179
21:13:13.449;41314;60.000;50.476;43.101;44.762;40.464;43.101;47.131
21:13:13.554;41414;60.000;47.375;43.150;47.643;42.637;51.306;45.788
21:13:13.666;41514;60.000;64.054;43.004;47.179;36.996;43.199;47.375
21:13:13.778;41614;60.000;43.346;43.297;49.011;42.906;42.808;47.204
21:13:13.884;41714;60.000;49.939;42.857;47.643;42.100;43.150;58.413
21:13:13.995;41814;60.000;47.741;43.346;47.179;44.054;42.466;46.862
21:13:14.108;42014;30.000;47.473;42.711;47.888;42.515;50.794;33.187
21:13:14.224;42114;30.000;56.142;43.248;56.484;27.839;43.101;47.082
21:13:14.334;42214;30.000;49.109;43.223;47.253;42.833;43.101;47.448
21:13:14.446;42314;30.000;31.233;44.029;45.958;41.978;42.882;46.764
21:13:14.556;42414;30.000;46.838;43.541;45.250;42.442;41.392;45.934
21:13:14.665;42514;30.000;48.303;45.177;48.327;42.344;42.857;46.276
21:13:14.769;42614;30.000;47.204;43.101;46.862;42.125;50.794;35.531
21:13:14.880;42714;30.000;44.420;42.466;46.349;42.564;42.613;45.934
21:13:14.988;42814;30.000;46.325;42.955;47.106;42.369;43.492;45.592
21:13:15.096;42914;30.000;46.227;42.466;44.420;42.662;42.759;45.592
21:13:15.206;43014;30.000;45.983;43.297;46.032;42.515;40.024;45.543
21:13:15.210;43114;30.000;43.639;42.637;45.885;42.515;42.369;45.177
21:13:15.315;43214;30.000;31.526;43.516;44.884;42.711;42.369;45.201
21:13:15.422;43314;30.000;45.543;42.759;40.635;42.344;39.829;44.786
21:13:15.533;43414;30.000;45.153;42.711;45.055;47.521;39.292;44.762
21:13:15.641;43514;30.000;56.020;42.051;56.777;28.083;42.393;44.518
21:13:15.746;43614;30.000;43.639;43.346;42.955;42.662;42.418;44.469
21:13:15.852;43714;30.000;44.762;42.369;44.322;42.491;74.359;44.322
21:13:15.964;43814;30.000;44.884;42.125;44.444;42.906;42.418;46.349
21:13:16.076;43914;30.000;44.200;40.049;44.689;43.956;42.833;44.078
21:13:16.184;44014;30.000;44.347;42.735;45.446;42.955;42.564;43.687
21:13:16.290;44114;30.000;44.371;42.027;42.882;42.882;42.100;43.639
21:13:16.401;44214;30.000;44.127;41.587;44.542;47.082;41.343;43.907
21:13:16.508;44314;30.000;43.736;41.783;42.906;45.226;29.963;43.541
21:13:16.510;44414;30.000;46.569;41.978;100.000;42.344;41.807;43.590
21:13:16.614;44514;30.000;43.346;41.783;43.150;42.344;75.189;26.032
21:13:16.721;44614;30.000;47.473;41.709;43.492;42.540;41.783;100.000
21:13:16.826;44714;30.000;44.640;44.737;28.889;42.369;41.734;43.248
21:13:16.935;44814;30.000;43.687;41.514;43.077;44.518;41.612;43.053
21:13:17.041;44914;30.000;41.905;41.612;43.101;42.662;41.392;42.906
21:13:17.146;45014;30.000;43.297;41.661;43.321;42.515;42.515;42.662
21:13:17.252;45114;30.000;42.491;41.954;43.346;42.418;51.404;42.808
21:13:17.359;45214;30.000;43.126;41.490;42.784;40.928;41.490;44.274
21:13:17.470;45314;30.000;42.418;41.661;42.662;42.662;41.685;52.137
21:13:17.579;45414;30.000;45.006;41.148;42.369;42.759;41.368;43.150
21:13:17.684;45514;30.000;42.515;38.510;33.700;42.515;42.051;42.369
21:13:17.790;45614;30.000;42.173;41.587;42.564;42.784;38.559;41.978
21:13:17.899;45714;30.000;33.016;40.952;39.023;42.564;41.245;41.954
21:13:18.006;45814;30.000;42.076;41.172;42.100;49.328;41.392;41.685
21:13:18.008;45914;30.000;41.783;0;45.617;0;40.952;41.783
21:13:18.116;46014;30.000;41.978;41.294;42.759;42.491;53.407;42.637
21:13:18.222;46114;30.000;42.466;41.294;43.980;42.735;21.416;41.587
21:13:18.331;46214;30.000;40.611;41.538;42.711;42.418;45.177;41.929
21:13:18.439;46314;30.000;42.027;41.245;41.245;40.122;40.952;43.687
21:13:18.549;46414;30.000;41.538;42.955;39.048;0;41.001;41.294
21:13:18.661;46514;30.000;41.099;41.685;41.001;42.418;40.391;41.563
21:13:18.769;46614;30.000;28.107;43.053;40.904;42.344;40.122;41.245
21:13:18.877;46714;30.000;41.343;41.197;40.464;42.540;36.703;41.197
21:13:18.987;46814;30.000;42.125;43.639;1.294;41.978;40.904;41.001
21:13:19.098;46914;30.000;40.977;41.392;40.952;42.808;50.794;40.366
21:13:19.208;47014;30.000;40.635;56.459;40.415;54.286;40.855;40.781
21:13:19.210;47114;30.000;50.794;41.245;41.148;43.639;40.562;41.001
21:13:19.318;47214;30.000;40.611;41.197;40.415;40.757;40.904;42.173
21:13:19.429;47314;30.000;40.220;41.123;40.415;42.418;41.099;49.597
21:13:19.537;47414;30.000;43.053;41.416;100.000;43.101;40.464;39.048
21:13:19.647;47514;30.000;40.586;40.488;33.480;42.369;40.806;40.611
21:13:19.754;47614;30.000;40.562;41.197;40.171;42.515;100.000;41.001
21:13:19.859;47714;30.000;42.100;41.294;40.317;43.980;40.537;40.952
21:13:19.969;47814;30.000;40.171;41.636;43.956;42.515;76.557;38.364
21:13:20.076;47914;30.000;40.806;41.245;40.024;42.564;40.317;41.734
21:13:20.184;48014;30.000;40.220;41.197;39.683;42.637;100.000;39.976
21:13:20.290;48114;30.000;39.927;76.508;39.829;40.073;40.440;39.780
21:13:20.399;48214;30.000;39.829;40.513;40.147;42.393;77.216;38.266
21:13:20.506;48314;30.000;40.000;43.639;39.658;100.000;40.464;39.805
21:13:20.508;48414;30.000;41.221;41.294;39.756;42.564;40.977;39.683
21:13:20.614;48514;30.000;39.634;40.806;39.536;46.496;38.022;39.536
21:13:20.723;48614;30.000;0;32.674;77.485;42.369;40.464;39.389
21:13:20.833;48714;30.000;39.976;40.781;39.902;42.369;39.194;39.438
21:13:20.945;48814;30.000;40.366;42.173;39.267;46.471;40.366;39.609
21:13:21.052;48914;30.000;38.950;41.148;39.292;42.466;42.979;36.410
21:13:21.159;49014;30.000;38.901;41.490;38.950;42.125;40.513;39.194
21:13:21.266;49114;30.000;39.267;40.611;39.194;42.711;41.270;38.999
21:13:21.372;49214;30.000;39.365;40.855;39.560;42.076;31.746;39.072
21:13:21.480;49314;30.000;39.829;42.955;21.343;42.418;40.244;39.023
21:13:21.590;49414;30.000;39.292;41.197;38.828;42.393;83.761;39.341
21:13:21.696;49514;30.000;38.803;41.685;38.388;42.466;40.073;38.877
21:13:21.805;49614;30.000;39.365;40.904;38.852;42.369;40.806;38.828
21:13:21.914;49714;30.000;0;40.464;74.896;43.663;40.220;38.486
21:13:21.918;49814;30.000;38.852;40.488;38.852;42.466;37.875;38.510
21:13:22.022;49914;30.000;38.486;41.148;38.608;42.466;39.683;38.657
21:13:22.133;50014;30.000;44.542;38.022;39.683;44.151;40.073;37.998
21:13:22.241;50114;30.000;39.976;40.928;38.217;41.319;40.220;40.049
21:13:22.351;50214;30.000;38.852;40.611;38.217;42.662;50.794;38.242
21:13:22.462;50314;30.000;39.756;37.631;38.144;42.833;40.220;38.022
21:13:22.571;50414;30.000;50.794;40.513;38.462;42.955;40.147;38.559
21:13:22.682;50514;30.000;38.681;22.418;40.098;44.518;40.024;38.291
21:13:22.789;50614;30.000;39.194;40.122;38.193;47.595;39.560;38.779
21:13:22.901;50714;30.000;39.170;40.098;38.095;42.735;100.000;38.486
21:13:23.011;50814;30.000;0;12.210;84.713;42.125;40.122;37.924
21:13:23.012;50914;30.000;38.535;40.195;38.168;42.125;19.512;38.168
21:13:23.120;51014;30.000;38.364;39.829;37.827;42.564;40.317;42.198
21:13:23.231;51114;30.000;38.242;40.220;37.729;46.813;33.797;38.168
21:13:23.338;51214;30.000;38.486;40.024;37.827;42.173;40.537;38.120
21:13:23.449;51314;30.000;38.242;38.462;38.486;42.442;51.477;37.998
21:13:23.557;51414;30.000;38.437;39.560;37.778;41.148;40.024;39.316
21:13:23.664;51514;30.000;44.518;39.634;48.425;27.692;39.976;37.998
21:13:23.772;51614;30.000;41.099;40.366;37.753;41.392;39.951;37.289
21:13:23.880;51714;30.000;32.991;40.171;37.680;42.466;39.829;37.875
21:13:23.987;51814;30.000;38.266;35.482;39.658;44.054;40.024;38.022
21:13:24.096;51914;30.000;38.168;41.148;41.221;0;40.073;37.827
21:13:24.206;52014;30.000;38.168;84.615;37.436;37.460;39.976;37.827
21:13:24.208;52114;30.000;67.179;39.658;36.313;34.359;39.976;47.839
21:13:24.314;52214;30.000;38.120;40.049;37.241;42.662;40.317;37.973
21:13:24.422;52314;30.000;38.120;39.536;37.631;42.198;41.099;37.875
21:13:24.532;52414;30.000;38.120;39.536;36.825;46.178;34.530;37.656
21:13:24.640;52514;30.000;38.071;39.902;39.805;42.662;0;37.753
21:13:24.750;52614;30.000;38.168;38.999;37.338;42.466;33.919;37.680
21:13:24.862;52714;30.000;0;40.635;29.402;42.930;39.927;37.314
21:13:24.969;52814;30.000;44.518;39.194;46.081;27.888;39.780;37.680
21:13:25.078;52914;30.000;38.095;52.137;37.094;53.993;39.731;37.436
21:13:25.186;53014;30.000;31.966;42.369;36.899;42.369;39.341;37.705
21:13:25.295;53114;30.000;37.680;38.632;37.485;42.369;40.977;37.338
21:13:25.407;53214;30.000;38.022;35.092;39.194;43.736;39.243;37.680
21:13:25.409;53314;30.000;37.949;35.238;37.216;42.320;40.073;37.289
21:13:25.513;53414;30.000;44.518;39.023;46.081;27.741;39.731;37.265
21:13:25.620;53514;30.000;38.095;48.816;37.192;53.919;39.536;37.241
21:13:25.732;53614;30.000;50.794;39.048;37.289;43.150;39.683;37.778
21:13:25.842;53714;30.000;37.241;39.292;36.947;42.540;40.171;37.094
21:13:25.954;53814;30.000;37.778;38.999;37.265;53.871;39.389;37.045
21:13:26.061;53914;30.000;46.081;38.657;47.643;28.010;39.683;37.045
21:13:26.172;54014;30.000;38.071;53.895;36.850;52.894;39.683;37.118
21:13:26.279;54114;30.000;39.853;38.657;39.560;43.346;39.927;37.021
21:13:26.387;54214;30.000;39.951;38.877;36.874;42.466;39.756;100.000
21:13:26.497;54314;30.000;39.048;38.852;15.458;42.686;39.951;37.070
21:13:26.607;54414;30.000;100.000;38.608;35.336;25.519;39.609;37.021
21:13:26.610;54514;30.000;37.875;38.779;35.531;42.515;73.626;37.192
21:13:26.718;54614;30.000;36.508;38.608;36.850;64.713;39.585;36.947
21:13:26.824;54714;30.000;36.117;41.197;36.654;42.173;40.366;37.216
21:13:26.932;54814;30.000;37.656;43.248;32.698;43.297;41.074;36.850
21:13:27.044;54914;30.000;37.314;40.024;36.850;45.299;39.707;36.850
21:13:27.151;55014;30.000;35.287;41.783;36.508;42.662;39.634;36.899
21:13:27.262;55114;30.000;37.314;38.559;36.606;43.614;39.683;39.243
21:13:27.371;55214;30.000;37.314;38.559;37.021;42.100;40.562;36.801
21:13:27.479;55314;30.000;37.924;75.678;36.581;38.877;39.731;36.703
21:13:27.590;55414;30.000;91.453;38.364;35.043;22.173;39.780;36.996
21:13:27.699;55514;30.000;25.714;39.267;36.264;42.369;39.560;36.801
21:13:27.805;55614;30.000;37.778;38.510;36.703;47.595;36.215;36.899
21:13:27.808;55714;30.000;6.764;36.532;48.254;40.537;39.536;36.166
21:13:27.915;55814;30.000;38.291;38.462;38.901;43.297;39.585;36.557
21:13:28.023;55914;30.000;36.874;38.608;36.508;42.466;41.709;36.288
21:13:28.135;56014;30.000;37.192;40.049;42.833;0;39.634;36.874
21:13:28.244;56114;30.000;37.387;51.551;36.508;52.796;39.634;36.996
21:13:28.463;56314;0;43.639;38.657;47.424;42.833;38.999;36.264
21:13:28.570;56414;0;36.801;38.535;35.311;41.636;38.584;35.629
21:13:28.679;56514;0;35.849;38.266;35.531;40.464;37.949;35.165
21:13:28.787;56614;0;35.678;36.410;34.188;40.781;35.629;36.484
21:13:28.895;56714;0;100.000;36.508;33.578;35.092;36.557;34.090
21:13:29.004;56814;0;34.212;34.652;33.040;41.368;36.386;37.387
21:13:29.115;56914;0;32.796;34.847;32.015;38.852;35.897;45.079
21:13:29.225;57014;0;33.162;37.973;33.480;38.266;35.287;33.016
21:13:29.226;57114;0;32.625;37.436;29.475;100.000;22.979;32.210
21:13:29.334;57214;0;32.601;55.971;31.526;48.132;29.182;31.722
21:13:29.445;57314;0;33.895;16.654;72.894;37.338;33.822;31.087
21:13:29.552;57414;0;30.134;31.746;15.238;35.531;33.480;30.794
21:13:29.661;57514;0;29.035;31.526;30.354;34.896;34.310;24.347
21:13:29.772;57614;0;32.112;30.452;28.645;34.896;32.650;100.000
21:13:29.884;57714;0;50.794;31.380;29.035;33.724;32.210;29.475
21:13:29.996;57814;0;29.353;30.794;29.621;35.458;31.502;28.889
21:13:30.108;57914;0;29.304;29.597;28.596;35.702;30.842;31.551
21:13:30.110;58014;0;28.376;29.475;28.059;33.114;31.111;27.619
21:13:30.218;58114;0;25.665;29.035;0;32.601;30.330;27.863
21:13:30.326;58214;0;28.352;27.521;27.253;32.210;30.403;27.473
21:13:30.437;58314;0;24.420;32.357;0;31.746;29.280;26.935
21:13:30.544;58414;0;27.643;28.645;0;31.136;29.255;26.740
21:13:30.653;58514;0;29.182;26.935;25.910;31.062;29.084;100.000
21:13:30.761;58614;0;26.886;28.107;27.717;25.714;28.303;25.910
21:13:30.870;58715;0;24.176;28.840;10.672;29.988;27.961;25.372
21:13:30.982;58814;0;25.226;27.937;25.495;41.538;27.546;25.226
21:13:31.089;58914;0;24.493;25.690;25.201;29.304;27.863;23.419
21:13:31.200;59014;0;45.592;11.111;24.396;29.670;27.302;25.763
21:13:31.310;59114;0;24.127;25.177;20.757;28.694;26.886;24.054
21:13:31.312;59214;0;25.568;25.372;66.935;24.200;26.545;23.736
21:13:31.416;59314;0;23.639;29.841;23.810;28.913;24.591;23.394
21:13:31.526;59414;0;23.614;24.029;23.614;43.150;0;22.955
21:13:31.634;59514;0;23.346;23.932;27.985;26.838;55.751;20.488
21:13:31.745;59614;0;22.930;27.619;22.882;28.913;25.665;22.637
21:13:31.855;59714;0;25.788;0;21.807;27.375;24.957;22.393
21:13:31.961;59814;0;15.409;22.979;22.882;24.615;24.933;22.100
21:13:32.069;59914;0;22.393;23.321;21.880;26.496;24.396;21.758
21:13:32.176;60014;0;23.370;22.955;82.125;0;24.347;21.563
21:13:32.283;60114;0;22.491;22.393;21.343;24.762;24.054;21.490
21:13:32.389;60214;0;21.319;22.051;21.221;24.347;46.813;19.902
21:13:32.499;60314;0;20.464;21.807;0;24.933;22.833;20.977
21:13:32.608;60414;0;20.952;22.247;20.781;24.786;23.028;20.611
21:13:32.610;60514;0;22.149;21.221;83.785;9.744;22.784;20.293
21:13:32.716;60614;0;20.244;21.221;20.000;24.054;23.565;20.195
21:13:32.827;60714;0;24.151;21.490;23.419;21.709;22.442;19.707
21:13:32.935;60814;0;16.874;20.147;18.974;23.394;22.051;19.756
21:13:33.044;60914;0;19.585;20.073;19.414;23.175;22.100;19.634
21:13:33.150;61014;0;19.072;20.611;19.243;31.795;22.198;40.049
21:13:33.260;61114;0;19.023;19.902;19.023;31.575;19.316;19.023
21:13:33.369;61214;0;19.487;18.608;19.707;22.393;21.270;19.512
21:13:33.474;61314;0;19.389;19.414;18.437;22.344;21.416;60.733
21:13:33.579;61414;0;55.140;17.900;18.193;21.074;20.879;18.242
21:13:33.688;61514;0;18.339;19.121;18.339;21.587;19.902;17.949
21:13:33.799;61614;0;17.631;18.681;17.900;21.270;20.659;26.447
21:13:33.911;61714;0;17.851;23.126;17.875;21.099;20.098;17.753
21:13:33.913;61814;0;17.875;17.851;17.656;20.440;20.024;19.219
21:13:34.021;61914;0;32.625;17.680;17.363;17.949;19.853;15.800
21:13:34.129;62014;0;16.972;18.095;17.265;23.639;0;17.167
21:13:34.238;62114;0;100.000;16.972;16.703;20.537;19.609;16.874
21:13:34.344;62214;0;16.899;18.193;16.972;20.122;70.940;16.679
21:13:34.451;62314;0;16.728;17.411;16.703;19.414;19.219;11.111
21:13:34.558;62414;0;16.484;0;16.777;20.977;18.974;16.484
21:13:34.668;62514;0;16.264;17.070;16.288;19.512;18.877;19.536
21:13:34.776;62614;0;15.580;16.752;16.606;19.048;18.706;16.215
21:13:34.887;62714;0;15.922;17.363;16.166;20.537;18.437;16.117
21:13:34.998;62814;0;15.849;19.267;15.946;19.536;18.291;15.849
21:13:35.106;62914;0;15.507;16.361;15.849;18.730;17.485;15.336
21:13:35.108;63014;0;15.531;16.484;15.751;21.856;13.455;15.409
21:13:35.214;63114;0;15.043;11.429;15.604;18.266;17.705;15.360
21:13:35.322;63214;0;15.067;16.654;34.310;19.072;17.802;15.067
21:13:35.432;63314;0;14.628;15.458;15.165;20.000;17.411;19.023
21:13:35.543;63414;0;14.701;15.726;15.311;18.095;24.664;14.261
21:13:35.651;63514;0;14.530;15.897;14.774;17.875;17.607;14.774
21:13:35.762;63614;0;14.383;28.694;14.725;17.558;17.118;14.676
21:13:35.871;63714;0;14.383;83.980;14.676;17.167;17.167;14.579
21:13:35.979;63814;0;13.944;14.921;14.359;16.972;13.065;14.530
21:13:36.086;63914;0;13.968;64.493;14.383;16.899;16.654;14.261
21:13:36.194;64014;0;14.432;14.921;26.252;16.728;16.557;14.188
21:13:36.306;64114;0;13.065;14.628;13.993;16.874;33.260;12.234
21:13:36.308;64214;0;13.602;17.021;13.871;17.192;16.190;13.895
21:13:36.414;64314;0;13.797;14.237;14.017;28.718;13.993;14.042
21:13:36.524;64414;0;33.919;14.017;13.504;5.201;16.190;20.464
21:13:36.631;64514;0;13.162;14.579;13.602;16.288;15.849;13.553
21:13:36.741;64614;0;13.211;14.042;13.504;18.681;15.360;13.504
21:13:36.848;64714;0;13.236;12.967;18.242;15.287;15.604;13.236
21:13:36.953;64814;0;12.821;13.162;12.967;15.751;15.751;13.211
21:13:37.064;64914;0;12.796;13.944;13.162;15.824;22.491;12.918
21:13:37.173;65014;0;14.286;12.234;16.190;15.531;15.556;13.162
21:13:37.279;65114;0;12.625;13.748;12.869;15.556;82.564;10.818
21:13:37.387;65214;0;12.430;10.696;12.723;15.409;15.409;12.723
21:13:37.494;65314;0;12.308;7.595;12.381;15.116;15.067;12.674
21:13:37.603;65414;0;12.332;13.358;12.259;18.510;13.993;12.430
21:13:37.605;65514;0;11.917;13.016;12.308;14.994;15.336;12.381
21:13:37.712;65614;0;12.063;13.455;12.381;14.945;11.111;12.186
21:13:37.819;65714;0;11.893;5.079;12.088;15.800;14.725;12.039
21:13:37.929;65814;0;12.479;12.723;48.694;14.823;14.896;11.941
21:13:38.038;65914;0;11.868;12.796;11.648;14.725;0,537;11.990
21:13:38.149;66014;0;14.530;12.625;11.941;7.937;14.579;11.258
21:13:38.258;66114;0;11.697;12.430;11.844;14.432;14.237;11.795
21:13:38.367;66214;0;0;12.430;14.921;14.383;14.335;11.648
21:13:38.474;66314;0;11.404;11.990;5.446;14.310;14.335;11.600
21:13:38.583;66414;0;11.502;12.259;11.600;14.164;13.993;11.697
21:13:38.689;66514;0;11.258;12.723;11.502;14.139;28.303;11.551
21:13:38.799;66614;0;11.258;14.969;11.380;11.331;13.846;11.453
21:13:38.910;66714;0;11.160;12.063;10.745;16.728;13.040;11.453
21:13:38.915;66814;0;10.916;11.844;11.160;13.626;11.941;11.258
21:13:39.020;66914;0;11.013;11.893;11.087;13.602;13.504;11.160
21:13:39.129;67014;0;10.818;11.746;11.111;13.773;14.335;12.845
21:13:39.236;67114;0;9.841;14.237;9.915;13.358;13.504;11.136
21:13:39.344;67214;0;10.379;11.819;10.867;13.211;13.529;20.488
21:13:39.449;67314;0;10.672;11.844;10.818;13.187;43.126;11.111
21:13:39.556;67414;0;9.548;11.062;10.134;13.114;13.407;11.062
21:13:39.667;67514;0;10.672;11.600;11.062;12.869;10.720;10.769
21:13:39.776;67614;0;5.592;11.429;12.186;13.016;13.407;11.160
21:13:39.884;67714;0;37.192;11.453;10.427;11.893;13.309;10.647
21:13:39.993;67814;0;10.403;11.526;9.963;12.967;13.846;10.525
21:13:40.103;67914;0;10.525;11.209;10.330;12.821;12.967;10.647
21:13:40.105;68014;0;10.330;18.584;10.379;13.553;13.065;10.427
21:13:40.212;68114;0;10.330;10.867;10.354;12.772;13.114;5.446
21:13:40.319;68214;0;9.915;9.939;9.890;12.332;13.114;10.379
21:13:40.429;68314;0;10.281;10.842;10.134;12.674;13.211;11.722
21:13:40.536;68414;0;9.963;13.358;10.134;13.284;12.967;10.281
21:13:40.644;68514;0;4.884;11.282;11.795;12.308;12.967;9.695
21:13:40.754;68614;0;8.987;11.429;8.913;12.869;12.918;10.110
21:13:40.866;68714;0;9.890;11.209;10.330;12.332;13.040;9.988
21:13:40.978;68814;0;9.695;11.136;9.963;12.381;13.089;9.939
21:13:41.087;68914;0;9.719;10.623;11.844;11.697;12.967;9.939
21:13:41.198;69014;0;9.499;10.916;9.280;12.186;13.065;9.890
21:13:41.308;69114;0;9.548;11.306;9.841;12.283;12.967;13.455
21:13:41.310;69214;0;8.889;10.818;9.915;12.283;13.016;11.722
21:13:41.419;69314;0;10.549;11.306;8.669;0;12.821;9.841
21:13:41.530;69414;0;9.304;10.525;10.330;12.186;12.821;9.695
21:13:41.640;69514;0;9.231;11.258;7.717;12.039;13.016;9.695
21:13:41.749;69614;0;9.304;10.623;9.939;12.112;12.821;9.646
21:13:41.856;69714;0;9.158;11.990;9.695;11.893;12.723;9.597
21:13:41.964;69814;0;4.078;11.209;9.646;11.966;12.723;0
21:13:42.076;69914;0;8.889;9.621;10.232;11.941;12.698;9.499
21:13:42.188;70014;0;17.070;11.282;10.476;11.648;12.723;10.818
21:13:42.298;70114;0;8.523;13.162;9.646;11.893;12.723;9.353
21:13:42.409;70214;0;8.962;11.160;9.890;12.381;12.650;9.328
21:13:42.411;70314;0;8.913;11.502;9.328;11.917;11.575;9.255
21:13:42.518;70414;0;8.962;10.867;9.548;14.628;12.796;9.158
21:13:42.624;70514;0;8.767;11.380;9.597;12.234;12.625;8.278
21:13:42.732;70614;0;8.767;44.860;9.353;11.551;12.332;9.109
21:13:42.839;70714;0;8.523;11.111;9.255;11.893;12.283;60.000
21:13:42.944;70814;0;9.182;11.111;9.231;10.916;12.332;9.109
21:13:43.054;70914;0;22.589;11.062;7.619;11.453;12.186;9.060
21:13:43.161;71014;0;8.669;11.380;9.255;12.039;12.430;9.109
21:13:43.271;71114;0;8.425;32.698;9.182;11.795;12.063;9.182
21:13:43.379;71214;0;0;11.111;10.134;11.770;11.966;9.182
21:13:43.485;71314;0;8.523;27.326;9.158;10.598;12.039;8.913
21:13:43.594;71414;0;8.547;10.867;9.304;11.551;12.039;9.035
21:13:43.701;71514;0;8.474;11.160;9.158;12.869;11.917;8.889
21:13:43.704;71614;0;8.449;7.668;9.133;11.648;11.868;8.816
21:13:43.811;71714;0;8.523;11.429;8.962;11.844;12.625;8.987
21:13:43.918;71814;0;8.425;11.160;8.987;11.551;13.284;8.840
21:13:44.027;71914;0;8.376;10.281;11.062;0;11.795;8.938
21:13:44.134;72014;0;8.132;12.088;8.962;11.697;9.939;8.498
21:13:44.240;72114;0;8.449;11.111;8.034;11.551;0;8.742
21:13:44.349;72214;0;7.790;10.916;8.913;11.453;11.575;10.549
21:13:44.454;72314;0;8.181;10.867;13.529;11.551;25.226;8.571
21:13:44.563;72414;0;8.156;11.062;8.864;11.258;11.160;8.669
21:13:44.669;72514;0;7.643;10.769;8.816;11.453;11.502;0
21:13:44.780;72614;0;9.158;11.062;8.742;11.111;11.306;8.547
21:13:44.888;72714;0;8.059;27.228;8.864;11.111;11.380;8.571
21:13:44.996;72814;0;8.571;10.769;8.791;11.111;11.355;7.790
21:13:45.101;72914;0;7.985;9.597;7.546;11.477;11.160;8.669
21:13:45.103;73014;0;7.790;10.818;8.913;11.551;11.209;0
21:13:45.212;73114;0;8.010;13.016;8.767;11.502;11.087;8.571
21:13:45.321;73214;0;7.937;0;8.498;0;11.136;8.669
21:13:45.433;73314;0;8.034;9.499;8.767;12.479;10.867;8.474
21:13:45.543;73414;0;7.766;11.306;8.840;10.867;11.111;8.498
21:13:45.651;73514;0;7.717;10.305;8.571;11.453;10.037;8.523
21:13:45.758;73614;0;15.751;10.867;8.181;11.160;10.818;17.778
21:13:45.870;73714;0;7.790;10.818;7.692;11.306;11.697;8.425
21:13:45.978;73814;0;7.985;10.476;8.523;11.795;10.769;8.547
21:13:46.087;73914;0;0;10.476;27.424;11.160;10.818;8.547
21:13:46.193;74015;0;7.668;9.158;0;11.258;10.769;8.523
21:13:46.301;74114;0;3.834;10.452;13.944;11.087;10.672;8.571
21:13:46.303;74214;0;5.324;10.647;8.571;11.258;10.623;9.744
21:13:46.411;74314;0;7.717;10.794;8.498;11.306;9.255;8.400
21:13:46.516;74414;0;7.937;10.354;8.278;10.525;10.525;8.327
21:13:46.624;74514;0;7.643;10.720;8.498;11.160;9.670;8.376
21:13:46.731;74614;0;14.725;10.379;8.449;10.427;10.672;0
21:13:46.836;74714;0;7.521;10.110;8.571;10.012;10.525;7.985
21:13:46.942;74814;0;7.009;10.256;8.449;10.916;10.379;13.284
21:13:47.048;74914;0;11.355;10.256;7.692;10.891;10.672;4.664
21:13:47.154;75014;0;7.595;4.591;8.449;0;10.330;8.303
21:13:47.259;75114;0;7.375;10.159;8.474;10.891;20.000;8.303
21:13:47.364;75214;0;7.497;9.548;8.376;11.258;10.501;8.278
21:13:47.469;75314;0;7.595;10.379;8.474;11.819;10.427;10.037
21:13:47.574;75414;0;7.179;9.988;8.425;10.867;10.379;8.571
21:13:47.679;75514;0;7.546;10.012;6.764;10.720;8.571;8.278
21:13:47.789;75614;0;7.131;11.111;8.376;11.722;10.305;8.303
21:13:47.898;75714;0;14.676;9.988;8.327;9.353;10.379;0
21:13:48.007;75814;0;7.277;9.963;8.425;10.232;10.379;8.034
21:13:48.009;75914;0;7.277;14.676;8.278;10.867;10.159;8.181
21:13:48.116;76014;0;7.473;9.817;20.781;10.525;10.134;8.352
21:13:48.225;76114;0;5.641;10.330;8.230;10.769;10.256;16.557
21:13:48.333;76214;0;7.302;9.744;8.352;11.697;10.330;8.181
21:13:48.442;76314;0;0,611;9.646;34.554;10.720;10.354;8.010
21:13:48.553;76415;0;4.860;9.109;8.083;10.769;10.330;8.327
21:13:48.659;76514;0;7.399;9.744;8.230;10.672;10.305;8.132
21:13:48.764;76614;0;7.302;11.551;4.811;10.672;10.281;8.327
21:13:48.874;76714;0;7.302;9.597;8.278;10.525;10.427;8.132
21:13:48.979;76814;0;7.302;6.129;8.156;12.283;10.281;8.132
21:13:49.087;76914;0;7.546;13.358;8.107;10.549;10.037;8.254
21:13:49.194;77014;0;7.155;11.111;0;11.062;10.134;8.083
21:13:49.300;77114;0;7.985;9.353;8.230;10.672;10.085;8.571
21:13:49.408;77214;0;7.326;14.359;8.230;12.039;10.037;8.034
21:13:49.410;77314;0;7.228;9.597;8.230;10.696;40.244;8.034
21:13:49.519;77414;0;7.253;8.474;8.230;12.479;10.012;8.083
21:13:49.626;77514;0;7.326;8.962;8.107;10.916;10.085;8.107
21:13:49.738;77614;0;7.106;8.425;8.107;10.134;10.085;8.034
21:13:49.846;77714;0;7.204;9.280;8.327;10.525;5.055;7.985
