22:22:16.515;RX;ms;SP_pct;FB1_pct;FB2_pct;FB3_pct;FB4_pct;FB5_pct;FB6_pct
22:22:16.516;RX;115;0.000;8.059;9.206;8.034;10.403;10.012;7.741
22:22:16.517;RX;214;0.000;8.444;9.175;9.748;11.428;9.529;8.071
22:22:16.518;RX;314;0.000;8.448;9.717;7.634;9.937;9.327;7.774
22:22:16.631;RX;414;0.000;10.787;8.674;8.715;12.881;9.553;9.578
22:22:16.643;RX;514;0.000;8.564;8.203;8.392;11.651;9.685;10.220
22:22:16.755;RX;614;0.000;9.520;9.095;8.017;9.808;9.520;7.761
22:22:16.864;RX;715;0.000;7.234;10.169;8.173;10.224;9.562;7.889
22:22:16.969;RX;814;0.000;8.981;8.395;8.548;13.647;9.609;8.353
22:22:17.074;RX;914;0.000;9.398;9.039;7.816;9.809;9.699;7.560
22:22:17.181;RX;1014;0.000;10.587;8.365;9.585;10.671;9.670;8.345
22:22:17.290;RX;1114;0.000;7.312;9.844;10.357;10.171;9.550;7.903
22:22:17.399;RX;1214;0.000;8.344;8.856;8.105;13.997;9.878;8.497
22:22:17.511;RX;1314;0.000;8.469;8.853;7.793;10.014;9.806;7.565
22:22:17.622;RX;1414;0.000;9.404;8.521;8.607;13.843;9.771;8.501
22:22:17.628;RX;1514;0.000;9.109;8.645;7.994;11.990;9.694;7.856
22:22:17.729;RX;1614;0.000;8.662;8.902;7.714;9.972;9.420;7.896
22:22:17.834;RX;1714;0.000;9.997;9.109;7.843;9.916;9.811;7.716
22:22:17.939;RX;1814;0.000;7.467;9.285;10.189;10.298;9.558;7.907
22:22:18.045;RX;1914;0.000;8.668;8.681;9.296;13.148;9.697;8.751
22:22:18.153;RX;2014;0.000;8.794;8.667;8.319;12.422;9.729;8.358
22:22:18.262;RX;2114;0.000;7.742;9.394;8.967;9.899;10.466;8.047
22:22:18.368;RX;2214;0.000;7.991;9.058;8.194;12.663;9.338;8.224
22:22:18.476;RX;2314;0.000;10.582;9.342;7.773;10.015;9.049;7.701
22:22:18.585;RX;2414;0.000;8.339;9.314;7.643;10.380;9.303;7.473
22:22:18.691;RX;2514;0.000;7.538;9.692;10.254;9.650;9.769;7.821
22:22:18.801;RX;2615;0.000;8.120;11.466;10.175;9.316;9.711;7.652
22:22:18.908;RX;2714;0.000;9.200;10.150;7.536;10.002;9.677;7.498
22:22:19.020;RX;2814;0.000;8.929;9.301;8.594;13.788;8.965;8.920
22:22:19.022;RX;2914;0.000;10.632;9.255;8.669;12.266;9.085;8.363
22:22:19.132;RX;3014;0.000;7.856;9.470;8.520;11.392;9.381;9.969
22:22:19.242;RX;3114;0.000;8.127;9.731;8.826;11.889;9.230;8.291
22:22:19.350;RX;3214;0.000;8.054;9.523;8.196;11.182;9.307;8.428
22:22:19.461;RX;3314;0.000;8.251;9.036;8.222;11.843;9.342;8.140
22:22:19.568;RX;3414;0.000;9.951;9.459;8.144;12.334;9.084;8.240
22:22:19.674;RX;3514;0.000;9.051;9.258;7.901;9.710;9.339;7.357
22:22:19.782;RX;3614;30.000;8.092;9.731;8.839;9.621;9.799;7.553
22:22:19.893;RX;3714;30.000;8.055;9.631;8.147;10.149;9.604;7.842
22:22:20.002;RX;3814;30.000;8.342;9.575;8.172;10.426;9.836;8.304
22:22:20.113;RX;3914;30.000;8.724;9.480;8.204;10.326;10.289;8.270
22:22:20.224;RX;4014;30.000;8.724;9.740;8.521;10.439;9.527;8.518
22:22:20.226;RX;4114;30.000;8.800;10.293;8.528;10.852;9.874;8.892
22:22:20.333;RX;4214;30.000;9.000;9.958;8.570;10.854;10.232;9.346
22:22:20.441;RX;4314;30.000;9.222;9.962;8.982;11.061;9.968;9.121
22:22:20.550;RX;4414;30.000;9.327;10.117;9.061;10.122;10.525;8.812
22:22:20.662;RX;4514;30.000;9.684;10.091;9.081;11.300;10.339;9.445
22:22:20.768;RX;4614;30.000;9.769;10.679;9.239;11.411;10.051;9.902
22:22:20.880;RX;4714;30.000;9.823;10.522;9.870;11.533;11.612;9.694
22:22:20.991;RX;4814;30.000;9.739;11.177;10.502;11.584;10.708;9.936
22:22:21.100;RX;4914;30.000;10.740;10.734;9.943;10.931;11.049;9.614
22:22:21.210;RX;5015;30.000;10.936;10.754;10.183;11.152;11.037;9.638
22:22:21.319;RX;5114;30.000;10.576;11.058;9.754;11.788;10.901;10.453
22:22:21.320;RX;5214;30.000;10.805;11.169;10.447;11.815;11.131;10.245
22:22:21.428;RX;5314;30.000;10.872;10.800;11.276;12.250;11.447;10.361
22:22:21.538;RX;5414;30.000;11.803;10.911;10.991;11.854;11.452;10.166
22:22:21.643;RX;5514;30.000;11.316;11.229;10.396;12.093;11.292;11.145
22:22:21.752;RX;5614;30.000;11.079;11.378;11.690;12.518;11.612;10.731
22:22:21.861;RX;5714;30.000;11.429;11.182;11.437;12.050;12.150;10.482
22:22:21.971;RX;5814;30.000;11.597;11.202;11.527;11.595;11.832;10.390
22:22:22.080;RX;5914;30.000;10.967;10.884;11.774;11.624;12.027;11.310
22:22:22.192;RX;6014;30.000;11.833;11.333;11.959;12.067;11.948;11.183
22:22:22.303;RX;6114;30.000;12.066;11.593;11.350;12.400;11.900;11.479
22:22:22.411;RX;6214;30.000;11.899;10.927;12.234;12.610;12.130;11.377
22:22:22.517;RX;6314;30.000;12.981;11.238;12.259;12.294;11.928;11.274
22:22:22.518;RX;6414;30.000;12.419;11.691;12.070;12.107;12.239;11.849
22:22:22.623;RX;6514;30.000;12.511;12.302;12.472;12.369;12.249;11.881
22:22:22.731;RX;6614;30.000;13.099;11.452;13.141;12.449;12.233;11.741
22:22:22.843;RX;6714;30.000;13.460;11.278;12.730;12.462;12.142;12.004
22:22:22.951;RX;6814;30.000;12.682;11.353;12.830;12.258;12.449;12.033
22:22:23.062;RX;6914;30.000;13.751;11.039;13.061;12.565;12.435;12.421
22:22:23.171;RX;7014;30.000;13.641;10.990;13.089;12.298;12.429;12.483
22:22:23.281;RX;7114;30.000;13.272;11.297;13.193;12.123;12.708;12.576
22:22:23.392;RX;7214;30.000;13.193;11.187;13.003;12.199;12.494;12.137
22:22:23.502;RX;7314;30.000;13.378;11.021;13.647;12.479;12.605;12.414
22:22:23.611;RX;7414;30.000;13.733;11.135;13.548;12.270;12.434;12.923
22:22:23.721;RX;7514;30.000;14.240;12.079;13.841;12.534;12.627;12.784
22:22:23.723;RX;7614;30.000;14.168;11.465;14.271;12.753;12.712;12.966
22:22:23.832;RX;7714;30.000;14.214;10.989;13.863;12.271;12.491;13.277
22:22:23.944;RX;7814;30.000;13.633;11.565;13.785;12.499;12.516;13.078
22:22:24.056;RX;7914;30.000;14.083;11.847;14.485;12.353;12.600;12.921
22:22:24.164;RX;8015;30.000;13.298;10.980;14.838;13.146;12.541;13.307
22:22:24.277;RX;8114;30.000;14.145;11.506;14.305;12.335;12.557;13.873
22:22:24.384;RX;8214;30.000;14.389;12.141;15.535;12.331;12.608;13.818
22:22:24.492;RX;8314;30.000;14.491;11.134;14.601;13.086;12.455;13.911
22:22:24.599;RX;8414;30.000;14.788;11.752;14.777;12.595;12.641;13.555
22:22:24.705;RX;8514;30.000;14.196;11.250;14.542;11.958;12.700;14.118
22:22:24.814;RX;8614;30.000;14.840;11.093;14.522;12.207;12.492;14.116
22:22:24.924;RX;8714;30.000;15.012;12.434;14.815;12.429;12.617;13.913
22:22:24.925;RX;8815;30.000;14.737;11.415;14.844;11.507;12.619;14.854
22:22:25.030;RX;8914;30.000;15.142;10.717;15.107;12.877;12.534;14.294
22:22:25.138;RX;9014;30.000;15.182;11.321;14.807;12.536;12.705;15.041
22:22:25.248;RX;9114;30.000;15.490;12.482;15.570;12.304;12.645;14.246
22:22:25.357;RX;9214;30.000;15.128;11.650;15.202;12.386;12.584;14.765
22:22:25.464;RX;9314;30.000;14.974;11.294;15.431;11.908;12.665;14.854
22:22:25.576;RX;9414;30.000;15.664;11.332;14.958;13.056;12.472;14.724
22:22:25.688;RX;9514;30.000;16.188;10.907;15.163;12.193;12.693;14.463
22:22:25.795;RX;9614;30.000;16.031;11.870;15.360;12.404;12.470;14.775
22:22:25.903;RX;9714;30.000;15.866;11.084;15.982;12.687;12.470;15.166
22:22:26.012;RX;9814;30.000;15.910;11.330;15.132;13.022;12.389;15.281
22:22:26.124;RX;9914;30.000;16.055;12.782;15.474;12.320;12.584;15.049
22:22:26.125;RX;10014;30.000;16.196;11.084;15.685;12.540;12.647;14.495
22:22:26.232;RX;10114;30.000;16.332;10.887;15.340;12.250;12.184;14.792
22:22:26.344;RX;10214;30.000;16.055;11.743;15.717;12.360;12.569;15.386
22:22:26.456;RX;10314;30.000;15.509;11.200;16.017;12.190;12.627;15.516
22:22:26.568;RX;10414;30.000;16.278;11.228;15.934;12.142;12.577;14.982
22:22:26.680;RX;10514;30.000;16.215;11.180;16.312;12.621;12.769;15.068
22:22:26.792;RX;10614;30.000;16.402;11.567;15.666;13.101;12.672;15.598
22:22:26.902;RX;10714;30.000;16.386;12.130;16.525;12.361;12.628;15.731
22:22:27.010;RX;10814;30.000;15.735;11.059;16.201;11.251;12.529;16.168
22:22:27.119;RX;10914;30.000;16.578;11.189;16.261;12.454;12.361;15.150
22:22:27.121;RX;11014;30.000;16.675;11.867;16.035;12.847;12.599;15.719
22:22:27.225;RX;11114;30.000;15.485;11.300;16.419;11.937;12.749;16.186
22:22:27.334;RX;11214;30.000;16.478;11.301;16.709;13.013;12.229;16.019
22:22:27.444;RX;11314;30.000;16.470;12.434;15.877;12.425;12.550;15.872
22:22:27.551;RX;11414;30.000;15.920;11.492;16.541;11.835;12.660;16.225
22:22:27.660;RX;11514;30.000;16.691;10.477;16.261;12.906;12.806;15.905
22:22:27.773;RX;11614;30.000;16.582;12.514;16.478;12.582;12.607;16.798
22:22:27.882;RX;11714;30.000;15.744;11.088;16.982;11.986;12.569;16.412
22:22:27.994;RX;11814;30.000;16.576;11.428;16.939;12.531;12.538;16.110
22:22:28.107;RX;11914;30.000;16.495;13.298;16.679;12.549;12.607;15.949
22:22:28.213;RX;12014;30.000;16.124;11.131;16.733;12.340;12.851;15.553
22:22:28.322;RX;12114;30.000;16.488;11.755;16.612;12.540;12.572;16.178
22:22:28.324;RX;12214;30.000;15.854;11.094;17.029;11.871;12.528;16.651
22:22:28.428;RX;12314;30.000;16.676;10.914;16.934;12.350;12.220;15.312
22:22:28.537;RX;12414;30.000;16.629;12.502;16.504;12.394;12.487;16.174
22:22:28.644;RX;12514;30.000;15.712;11.093;17.238;11.834;12.483;16.683
22:22:28.755;RX;12614;30.000;16.624;11.166;17.298;12.407;12.391;15.475
22:22:28.864;RX;12714;30.000;16.971;12.108;17.541;12.285;12.647;16.295
22:22:28.976;RX;12814;30.000;16.525;11.158;17.328;12.555;12.728;16.492
22:22:29.088;RX;12914;30.000;16.607;12.092;18.124;12.435;12.612;16.156
22:22:29.196;RX;13014;50.000;16.463;11.162;17.494;13.022;12.532;16.289
22:22:29.308;RX;13114;50.000;16.875;11.402;18.130;13.094;12.951;16.621
22:22:29.418;RX;13214;50.000;17.515;11.884;18.018;13.177;13.449;17.052
22:22:29.420;RX;13314;50.000;17.758;13.056;18.741;13.354;13.467;17.304
22:22:29.526;RX;13415;50.000;18.406;12.899;18.836;13.941;13.898;16.975
22:22:29.634;RX;13514;50.000;18.366;13.780;19.063;14.355;13.735;17.597
22:22:29.740;RX;13614;50.000;18.862;14.175;19.830;15.123;13.863;18.043
22:22:29.850;RX;13714;50.000;19.477;13.614;19.417;15.230;14.969;18.667
22:22:29.963;RX;13814;50.000;19.722;15.440;20.588;15.710;14.787;18.866
22:22:30.069;RX;13914;50.000;20.033;14.908;20.258;15.199;15.862;19.458
22:22:30.177;RX;14014;50.000;20.414;14.831;20.956;16.426;16.159;19.765
22:22:30.287;RX;14114;50.000;20.647;15.687;21.335;17.072;17.032;20.345
22:22:30.394;RX;14214;50.000;20.793;16.160;21.187;17.545;17.189;20.613
22:22:30.507;RX;14314;50.000;21.190;17.204;22.103;17.626;16.751;20.514
22:22:30.613;RX;14414;50.000;21.416;16.744;22.749;17.660;18.121;20.339
22:22:30.720;RX;14514;50.000;22.146;17.065;21.916;18.132;18.075;21.494
22:22:30.722;RX;14614;50.000;22.898;17.596;22.500;17.910;18.192;21.781
22:22:30.831;RX;14714;50.000;22.615;17.665;23.228;18.962;18.319;21.239
22:22:30.940;RX;14814;50.000;22.600;18.445;23.487;18.731;19.296;21.929
22:22:31.050;RX;14914;50.000;23.680;18.720;22.964;19.294;18.820;22.580
22:22:31.163;RX;15014;50.000;23.400;19.158;23.394;20.578;19.512;22.594
22:22:31.271;RX;15114;50.000;23.529;18.998;24.649;20.621;20.007;22.567
22:22:31.378;RX;15214;50.000;23.628;18.914;24.858;21.029;20.063;22.865
22:22:31.488;RX;15314;50.000;24.832;20.187;23.723;20.661;20.208;23.884
22:22:31.598;RX;15414;50.000;25.111;19.916;24.492;21.303;20.477;24.055
22:22:31.707;RX;15514;50.000;24.507;19.497;25.705;21.456;21.663;23.758
22:22:31.816;RX;15614;50.000;24.397;20.767;25.437;21.231;21.353;24.273
22:22:31.820;RX;15714;50.000;25.531;21.051;26.033;21.569;21.808;24.643
22:22:31.924;RX;15814;50.000;25.784;21.430;26.021;21.966;22.147;25.146
22:22:32.032;RX;15914;50.000;26.000;20.354;25.517;22.868;21.971;24.825
22:22:32.144;RX;16014;50.000;26.213;20.418;26.042;22.885;22.127;24.701
22:22:32.253;RX;16114;50.000;25.883;21.886;26.884;22.305;22.571;25.121
22:22:32.362;RX;16214;50.000;26.714;22.679;27.184;22.685;22.777;26.419
22:22:32.468;RX;16314;50.000;27.235;22.009;26.464;23.632;22.648;25.126
22:22:32.575;RX;16414;50.000;27.116;22.383;26.736;23.937;23.078;25.096
22:22:32.681;RX;16514;50.000;26.823;23.106;27.977;23.435;24.071;25.691
22:22:32.786;RX;16614;50.000;27.399;23.682;27.867;24.041;23.580;26.548
22:22:32.898;RX;16714;50.000;28.134;22.664;27.437;24.642;23.679;25.771
22:22:33.010;RX;16814;50.000;28.287;23.015;27.336;24.811;23.977;26.106
22:22:33.120;RX;16914;50.000;28.091;23.820;28.339;23.858;24.164;27.319
22:22:33.122;RX;17014;50.000;28.605;25.267;28.968;24.281;24.645;28.120
22:22:33.229;RX;17114;50.000;28.906;23.779;28.065;25.178;24.616;26.402
22:22:33.335;RX;17214;50.000;29.451;24.373;28.703;25.518;24.642;27.203
22:22:33.441;RX;17314;50.000;29.091;25.531;28.912;25.072;24.968;28.407
22:22:33.549;RX;17414;50.000;29.420;25.849;28.854;25.990;25.352;28.909
22:22:33.659;RX;17514;50.000;30.496;25.203;29.292;26.153;25.247;27.821
22:22:33.766;RX;17614;50.000;29.222;25.635;29.943;25.693;25.602;27.788
22:22:33.874;RX;17714;50.000;29.813;25.496;30.013;25.742;25.471;28.979
22:22:33.983;RX;17814;50.000;29.700;25.961;29.550;26.161;25.412;29.315
22:22:34.092;RX;17914;50.000;30.456;26.882;30.175;26.512;26.417;29.968
22:22:34.199;RX;18014;50.000;30.575;27.190;30.018;26.830;26.425;30.360
22:22:34.304;RX;18114;50.000;30.547;26.466;30.727;26.674;26.334;29.251
22:22:34.409;RX;18214;50.000;31.046;26.796;31.358;27.427;26.813;29.474
22:22:34.514;RX;18314;50.000;30.348;27.473;30.754;27.105;26.192;30.332
22:22:34.622;RX;18414;50.000;30.562;28.075;30.855;27.510;26.286;30.284
22:22:34.624;RX;18514;50.000;31.129;26.856;30.814;28.065;26.601;30.763
22:22:34.729;RX;18614;50.000;31.385;27.023;30.748;28.015;26.754;30.825
22:22:34.834;RX;18714;50.000;31.708;27.548;30.791;27.626;27.650;31.679
22:22:34.941;RX;18814;50.000;31.883;28.017;30.337;27.589;27.627;31.534
22:22:35.049;RX;18914;50.000;31.860;29.057;32.270;28.484;27.135;31.171
22:22:35.156;RX;19014;50.000;32.130;27.893;32.125;29.482;27.616;31.917
22:22:35.266;RX;19114;50.000;32.437;28.373;31.230;28.189;28.299;31.579
22:22:35.377;RX;19214;50.000;31.977;27.571;32.334;28.849;27.651;31.817
22:22:35.488;RX;19314;50.000;32.914;29.259;32.305;28.851;28.665;32.257
22:22:35.598;RX;19414;50.000;33.053;30.548;32.755;28.773;27.917;31.760
22:22:35.708;RX;19514;50.000;32.415;28.529;32.708;29.289;28.613;31.946
22:22:35.815;RX;19614;50.000;32.746;28.686;32.743;30.228;28.796;32.222
22:22:35.819;RX;19714;50.000;33.142;31.031;33.830;29.325;28.272;31.969
22:22:35.923;RX;19814;50.000;32.759;31.348;33.416;29.750;28.418;31.988
22:22:36.032;RX;19914;50.000;33.409;29.535;33.068;30.084;28.756;32.435
22:22:36.139;RX;20014;50.000;34.114;29.884;33.229;29.873;28.660;33.007
22:22:36.249;RX;20114;50.000;33.426;29.428;33.651;30.022;29.100;32.826
22:22:36.358;RX;20214;50.000;33.267;29.717;33.995;30.211;29.215;32.905
22:22:36.464;RX;20314;50.000;33.825;31.494;34.159;29.734;28.853;32.666
22:22:36.569;RX;20414;50.000;34.219;30.197;34.078;30.422;29.398;32.871
22:22:36.674;RX;20514;50.000;33.967;29.308;34.410;30.739;30.070;33.373
22:22:36.782;RX;20614;50.000;33.841;30.692;33.424;29.936;30.085;33.246
22:22:36.894;RX;20714;50.000;34.283;31.436;34.454;29.852;29.004;32.758
22:22:37.006;RX;20814;50.000;34.501;31.133;34.201;30.498;30.192;33.775
22:22:37.116;RX;20914;50.000;34.513;31.875;34.665;29.723;29.307;33.106
22:22:37.117;RX;21014;50.000;34.513;31.622;34.905;29.771;29.070;32.978
22:22:37.228;RX;21114;50.000;34.421;30.788;34.888;29.956;30.342;33.662
22:22:37.340;RX;21214;50.000;34.580;30.775;34.031;30.385;30.221;33.819
22:22:37.452;RX;21314;50.000;34.765;30.868;34.352;31.109;30.715;33.672
22:22:37.562;RX;21414;50.000;34.866;32.088;35.320;29.836;29.635;33.707
22:22:37.674;RX;21514;50.000;34.802;31.171;34.804;30.167;30.618;34.527
22:22:37.783;RX;21614;50.000;34.675;31.302;34.912;29.934;30.824;34.566
22:22:37.891;RX;21714;50.000;35.133;31.249;34.959;30.344;31.533;34.680
22:22:38.000;RX;21814;50.000;35.221;31.816;35.476;30.395;30.872;34.504
22:22:38.109;RX;21914;50.000;35.400;30.914;34.921;30.470;30.614;33.993
22:22:38.218;RX;22014;50.000;35.863;31.573;35.386;30.844;31.352;34.891
22:22:38.220;RX;22114;50.000;35.075;31.482;35.504;29.707;31.239;35.086
22:22:38.327;RX;22214;50.000;35.095;31.469;35.411;30.228;31.201;35.254
22:22:38.436;RX;22314;50.000;35.854;31.778;35.118;31.315;30.886;34.645
22:22:38.545;RX;22414;50.000;36.000;31.492;36.121;31.335;30.954;35.312
22:22:38.654;RX;22514;50.000;35.806;30.991;35.894;31.318;31.779;35.264
22:22:38.763;RX;22614;50.000;36.009;31.298;35.095;31.069;31.447;34.696
22:22:38.874;RX;22714;50.000;36.173;31.253;36.012;31.540;31.431;35.367
22:22:38.983;RX;22814;50.000;35.487;31.631;35.870;29.627;31.634;35.698
22:22:39.091;RX;22914;50.000;36.164;31.264;36.039;30.794;31.567;35.368
22:22:39.200;RX;23014;50.000;36.409;31.051;35.550;31.801;31.375;35.610
22:22:39.312;RX;23114;50.000;36.718;31.353;35.680;31.577;31.545;35.025
22:22:39.424;RX;23214;50.000;36.172;31.560;36.214;29.571;31.947;35.916
22:22:39.425;RX;23314;50.000;36.818;31.965;36.149;31.202;31.855;35.883
22:22:39.534;RX;23414;50.000;36.774;31.530;36.314;29.619;32.209;35.951
22:22:39.646;RX;23514;50.000;36.815;32.055;36.443;31.166;32.382;36.210
22:22:39.758;RX;23614;50.000;36.536;31.576;36.738;31.474;32.411;35.849
22:22:39.869;RX;23714;50.000;36.701;31.307;36.406;31.160;31.848;35.142
22:22:39.978;RX;23814;50.000;37.035;31.459;36.592;29.841;32.470;36.264
22:22:40.090;RX;23914;50.000;37.074;30.963;36.136;31.207;31.890;34.714
22:22:40.200;RX;24014;50.000;36.226;31.544;36.713;30.372;32.622;36.483
22:22:40.306;RX;24114;50.000;36.996;31.429;36.967;31.286;33.147;35.792
22:22:40.414;RX;24214;50.000;36.955;33.080;36.692;31.347;32.682;36.331
22:22:40.524;RX;24314;50.000;36.920;32.208;36.937;31.210;32.599;35.603
22:22:40.526;RX;24414;50.000;37.296;31.651;36.923;31.681;32.459;36.275
22:22:40.636;RX;24514;50.000;37.235;31.666;36.824;32.393;32.823;36.297
22:22:40.746;RX;24614;50.000;36.489;31.384;37.055;30.141;32.921;36.778
22:22:40.855;RX;24714;50.000;37.418;31.438;36.516;31.036;32.907;34.585
22:22:40.964;RX;24814;50.000;37.408;31.246;36.293;32.068;33.181;36.216
22:22:41.074;RX;24914;50.000;37.542;31.144;36.637;31.864;32.431;36.536
22:22:41.183;RX;25014;50.000;36.995;32.215;37.474;31.287;33.353;35.818
22:22:41.293;RX;25115;50.000;36.712;31.430;37.249;31.284;32.954;37.871
22:22:41.401;RX;25214;50.000;37.539;31.980;36.880;31.094;32.904;36.219
22:22:41.512;RX;25314;50.000;37.374;33.533;36.779;31.099;33.009;36.437
22:22:41.621;RX;25414;50.000;37.448;31.584;37.261;31.782;32.675;36.135
22:22:41.623;RX;25514;50.000;37.517;31.472;37.323;31.681;32.854;36.419
22:22:41.730;RX;25614;50.000;37.921;31.329;37.536;31.443;33.457;35.769
22:22:41.839;RX;25714;50.000;37.585;32.918;37.428;31.123;32.951;36.266
22:22:41.950;RX;25814;50.000;37.369;31.587;36.782;31.791;32.810;36.414
22:22:42.062;RX;25914;50.000;36.635;31.497;37.578;31.290;33.182;37.183
22:22:42.170;RX;26014;50.000;37.409;32.156;37.325;31.131;32.880;36.265
22:22:42.282;RX;26114;50.000;37.404;32.665;37.438;30.961;33.028;36.340
22:22:42.393;RX;26214;50.000;37.529;31.080;37.629;31.416;33.052;35.284
22:22:42.499;RX;26314;50.000;37.435;31.447;37.483;32.212;32.996;36.463
22:22:42.607;RX;26415;50.000;36.535;31.580;37.716;29.697;33.095;36.869
22:22:42.716;RX;26514;50.000;37.768;31.097;37.459;31.336;32.658;35.857
22:22:42.717;RX;26614;50.000;37.207;30.806;37.652;31.408;33.082;35.427
22:22:42.826;RX;26715;50.000;36.587;31.557;37.918;30.619;33.138;37.192
22:22:42.941;RX;26814;60.000;37.440;31.208;38.285;32.114;33.287;34.460
22:22:43.050;RX;26914;60.000;37.663;31.346;38.392;32.071;33.212;34.659
22:22:43.159;RX;27014;60.000;37.826;31.070;38.408;32.527;33.688;35.049
22:22:43.270;RX;27114;60.000;38.832;31.770;37.624;32.222;33.679;36.129
22:22:43.376;RX;27214;60.000;38.121;32.743;38.034;33.300;33.352;39.207
22:22:43.486;RX;27314;60.000;38.283;32.950;38.977;32.145;34.504;37.829
22:22:43.596;RX;27414;60.000;38.680;33.542;39.045;32.417;34.727;38.116
22:22:43.708;RX;27514;60.000;38.493;33.652;39.090;32.959;34.913;38.243
22:22:43.820;RX;27614;60.000;39.123;34.590;38.692;33.241;34.679;37.983
22:22:43.822;RX;27714;60.000;39.511;35.388;38.974;33.470;34.800;37.940
22:22:43.932;RX;27814;60.000;39.420;33.934;39.175;33.505;35.182;38.272
22:22:44.040;RX;27914;60.000;39.694;34.833;39.410;33.666;35.269;38.467
22:22:44.150;RX;28014;60.000;40.797;33.420;39.645;34.476;35.301;37.930
22:22:44.261;RX;28114;60.000;40.455;35.872;40.495;33.714;36.250;39.418
22:22:44.372;RX;28214;60.000;40.011;34.313;40.080;34.673;35.626;39.094
22:22:44.482;RX;28314;60.000;40.210;35.298;40.691;35.053;34.942;39.370
22:22:44.593;RX;28414;60.000;41.077;34.819;40.928;36.059;34.862;39.267
22:22:44.702;RX;28514;60.000;40.170;36.580;41.954;35.148;36.671;39.555
22:22:44.811;RX;28614;60.000;41.093;35.908;41.485;35.397;36.886;39.502
22:22:44.922;RX;28714;60.000;41.404;36.618;41.689;36.069;36.963;39.727
22:22:44.924;RX;28814;60.000;41.057;36.917;41.670;35.790;37.010;40.061
22:22:45.032;RX;28914;60.000;41.145;36.404;41.869;36.206;37.362;40.219
22:22:45.144;RX;29014;60.000;41.507;35.828;41.578;36.476;36.623;39.934
22:22:45.250;RX;29114;60.000;42.011;36.386;41.437;36.681;37.187;41.925
22:22:45.361;RX;29215;60.000;41.919;37.352;42.314;36.962;36.892;41.039
22:22:45.472;RX;29314;60.000;42.866;37.008;42.098;36.976;37.331;39.967
22:22:45.582;RX;29414;60.000;42.095;36.840;42.137;37.217;37.285;40.841
22:22:45.694;RX;29515;60.000;42.403;37.269;42.416;37.275;37.599;40.835
22:22:45.806;RX;29614;60.000;42.622;38.917;43.152;37.362;37.651;41.686
22:22:45.918;RX;29714;60.000;43.059;37.941;42.100;37.468;39.169;41.999
22:22:45.920;RX;29814;60.000;42.691;37.576;42.796;37.983;38.408;41.522
22:22:46.030;RX;29914;60.000;43.240;38.477;42.524;37.996;38.573;41.747
22:22:46.137;RX;30014;60.000;43.361;39.065;43.353;38.081;38.668;41.936
22:22:46.247;RX;30114;60.000;42.920;39.749;44.098;38.289;38.489;42.083
22:22:46.357;RX;30214;60.000;43.361;39.725;44.480;38.576;37.913;42.085
22:22:46.466;RX;30314;60.000;43.080;39.708;43.847;38.612;38.533;42.074
22:22:46.575;RX;30414;60.000;43.497;40.138;44.186;38.626;38.060;42.579
22:22:46.681;RX;30514;60.000;43.789;40.431;43.537;38.937;38.729;42.266
22:22:46.787;RX;30614;60.000;43.839;40.041;43.892;39.095;39.533;42.377
22:22:46.897;RX;30714;60.000;43.884;39.340;43.968;39.141;39.827;42.824
22:22:47.006;RX;30814;60.000;43.840;39.445;43.599;39.090;39.614;42.718
22:22:47.114;RX;30914;60.000;44.065;39.568;44.248;39.984;40.032;43.502
22:22:47.219;RX;31014;60.000;44.260;39.834;44.317;39.550;40.087;43.210
22:22:47.222;RX;31114;60.000;44.249;39.722;44.269;39.755;40.162;43.479
22:22:47.326;RX;31214;60.000;44.646;41.871;45.364;39.594;39.239;42.562
22:22:47.434;RX;31314;60.000;44.600;42.139;44.660;39.506;39.284;43.187
22:22:47.539;RX;31414;60.000;45.104;42.163;44.898;39.103;39.377;43.147
22:22:47.648;RX;31514;60.000;45.012;41.982;45.291;39.574;39.301;43.254
22:22:47.758;RX;31614;60.000;44.851;40.149;44.866;39.770;40.572;43.901
22:22:47.868;RX;31714;60.000;45.018;40.231;44.714;39.793;40.965;43.948
22:22:47.974;RX;31814;60.000;44.794;40.696;45.035;40.040;41.022;44.339
22:22:48.082;RX;31914;60.000;45.338;41.203;45.429;40.627;41.338;43.930
22:22:48.189;RX;32014;60.000;45.214;41.752;45.167;40.045;39.904;43.588
22:22:48.298;RX;32114;60.000;45.627;41.622;45.792;40.220;40.736;44.275
22:22:48.409;RX;32214;60.000;45.669;40.825;45.193;40.352;40.893;44.370
22:22:48.514;RX;32314;60.000;45.781;40.326;45.061;40.464;40.960;44.437
22:22:48.622;RX;32414;60.000;45.852;41.186;45.650;41.544;41.439;45.285
22:22:48.624;RX;32514;60.000;45.888;40.548;45.864;41.827;41.283;44.869
22:22:48.729;RX;32614;60.000;45.203;40.681;45.716;40.605;41.990;45.548
22:22:48.837;RX;32714;60.000;45.774;40.296;45.899;41.931;42.096;44.670
22:22:48.946;RX;32814;60.000;46.085;42.387;46.066;41.145;41.358;44.823
22:22:49.054;RX;32914;60.000;46.144;41.782;46.009;41.167;41.445;45.311
22:22:49.161;RX;33014;60.000;46.341;40.110;45.591;41.368;41.521;44.768
22:22:49.270;RX;33114;60.000;46.446;40.487;45.623;41.609;41.446;45.171
22:22:49.380;RX;33214;60.000;45.513;41.046;46.125;40.371;42.186;45.902
22:22:49.486;RX;33314;60.000;45.973;40.844;46.242;41.149;42.258;46.379
22:22:49.591;RX;33414;60.000;46.712;42.034;45.679;41.769;41.962;45.154
22:22:49.700;RX;33514;60.000;46.707;42.106;45.673;41.929;42.060;45.536
22:22:49.810;RX;33614;60.000;46.807;40.763;46.258;41.839;42.917;45.465
22:22:49.916;RX;33714;60.000;46.937;40.750;46.505;42.816;42.036;45.786
22:22:49.921;RX;33814;60.000;46.019;40.787;46.551;40.765;42.560;46.576
22:22:50.025;RX;33915;60.000;46.216;40.807;46.636;41.013;42.506;46.665
22:22:50.135;RX;34014;60.000;47.138;42.366;47.046;42.068;42.481;45.727
22:22:50.246;RX;34114;60.000;47.071;42.676;46.101;42.055;42.538;45.651
22:22:50.356;RX;34214;60.000;46.955;42.620;46.495;42.256;42.399;45.535
22:22:50.468;RX;34314;60.000;47.046;41.411;46.882;42.257;42.547;45.891
22:22:50.581;RX;34414;60.000;47.415;40.314;46.974;42.767;42.511;47.195
22:22:50.692;RX;34514;60.000;47.047;41.590;46.845;42.185;42.638;45.854
22:22:50.804;RX;34614;60.000;47.032;41.992;46.676;42.158;42.464;46.046
22:22:50.916;RX;34714;60.000;47.086;42.148;46.293;42.362;42.670;45.863
22:22:50.920;RX;34814;60.000;47.126;41.934;47.285;42.022;42.672;46.200
22:22:51.025;RX;34914;60.000;47.283;41.474;47.350;42.180;42.724;46.349
22:22:51.134;RX;35014;60.000;47.006;41.398;47.871;42.636;42.762;46.250
22:22:51.243;RX;35114;60.000;47.196;42.272;47.073;41.783;42.773;46.135
22:22:51.350;RX;35214;60.000;47.071;41.674;47.025;42.347;42.509;46.240
22:22:51.459;RX;35314;60.000;47.244;41.064;47.267;41.898;42.614;46.170
22:22:51.567;RX;35414;60.000;47.604;41.484;47.721;42.016;42.679;46.494
22:22:51.676;RX;35514;60.000;47.272;41.659;47.743;42.245;42.644;46.311
22:22:51.785;RX;35614;60.000;47.312;41.677;47.192;42.307;42.618;46.114
22:22:51.896;RX;35714;60.000;47.339;42.378;47.312;42.155;42.501;46.036
22:22:52.008;RX;35814;60.000;47.414;42.323;47.258;42.288;42.574;45.979
22:22:52.118;RX;35914;60.000;47.653;42.160;47.559;42.077;42.675;46.387
22:22:52.121;RX;36014;60.000;47.361;42.449;47.409;42.241;42.576;46.237
22:22:52.230;RX;36114;60.000;47.428;42.093;48.238;42.215;42.679;46.193
22:22:52.343;RX;36214;60.000;47.398;42.379;47.687;42.053;42.678;46.322
22:22:52.449;RX;36314;60.000;47.565;41.941;47.883;41.960;42.669;46.279
22:22:52.554;RX;36414;60.000;47.658;41.952;48.010;42.149;42.593;46.295
22:22:52.664;RX;36514;60.000;47.892;42.205;48.840;42.271;42.717;46.191
22:22:52.772;RX;36614;60.000;47.543;42.245;48.843;42.215;42.488;45.977
22:22:52.883;RX;36714;30.000;46.851;42.344;48.893;44.450;42.904;46.423
22:22:52.989;RX;36814;30.000;46.492;43.675;49.073;45.585;41.561;46.591
22:22:53.100;RX;36914;30.000;47.791;43.000;50.102;42.263;46.137;47.535
22:22:53.208;RX;37014;30.000;47.038;41.774;48.514;44.425;41.952;48.625
22:22:53.315;RX;37114;30.000;46.473;42.080;49.011;44.968;41.687;47.428
22:22:53.317;RX;37214;30.000;45.683;41.631;47.929;43.030;42.379;46.268
22:22:53.423;RX;37314;30.000;46.331;42.705;48.824;42.987;43.762;47.081
22:22:53.530;RX;37414;30.000;46.568;42.671;50.253;41.413;45.916;46.467
22:22:53.639;RX;37514;30.000;46.021;41.070;47.019;43.898;43.406;46.157
22:22:53.746;RX;37614;30.000;45.568;42.066;48.217;44.572;40.352;47.563
22:22:53.859;RX;37714;30.000;45.690;42.585;47.921;44.783;41.573;48.067
22:22:53.967;RX;37814;30.000;45.425;42.222;47.596;45.597;41.048;46.913
22:22:54.077;RX;37914;30.000;45.240;41.692;47.635;45.746;40.580;46.940
22:22:54.184;RX;38014;30.000;45.683;41.798;47.675;45.355;41.098;47.189
22:22:54.289;RX;38114;30.000;45.634;43.192;47.865;43.153;45.536;45.443
22:22:54.395;RX;38214;30.000;45.508;43.588;44.589;43.856;44.557;44.630
22:22:54.507;RX;38314;30.000;45.245;42.254;45.668;44.399;42.710;44.547
22:22:54.614;RX;38414;30.000;45.134;42.033;45.297;45.098;42.090;44.294
22:22:54.720;RX;38514;30.000;45.033;41.847;43.946;45.089;41.778;43.877
22:22:54.722;RX;38614;30.000;45.136;42.224;44.079;45.145;40.775;45.445
22:22:54.832;RX;38714;30.000;44.923;41.791;46.521;44.834;41.267;46.226
22:22:54.944;RX;38814;30.000;44.892;41.861;46.010;45.516;40.309;45.458
22:22:55.054;RX;38914;30.000;45.404;40.432;45.421;42.880;42.790;44.258
22:22:55.166;RX;39014;30.000;44.411;42.317;43.647;43.711;41.908;44.112
22:22:55.277;RX;39114;30.000;44.477;43.128;41.266;45.937;42.811;43.978
22:22:55.386;RX;39214;30.000;45.264;42.150;44.590;42.803;44.445;43.044
22:22:55.494;RX;39314;30.000;44.423;42.355;41.352;46.247;42.719;43.598
22:22:55.602;RX;39414;30.000;43.983;43.627;42.502;41.831;44.972;43.690
22:22:55.712;RX;39514;30.000;44.194;42.414;46.864;39.403;44.301;41.623
22:22:55.820;RX;39615;30.000;43.848;42.205;46.353;39.165;44.503;40.579
22:22:55.822;RX;39714;30.000;43.831;40.463;44.589;43.501;44.133;44.324
22:22:55.929;RX;39814;30.000;43.755;42.557;45.869;39.641;43.204;41.256
22:22:56.038;RX;39915;30.000;43.646;41.208;44.458;42.967;44.204;43.905
22:22:56.147;RX;40014;30.000;43.090;43.282;44.770;39.023;43.624;40.875
22:22:56.255;RX;40114;30.000;44.095;42.286;42.525;44.525;42.146;42.808
22:22:56.365;RX;40214;30.000;43.244;42.886;44.179;43.347;43.245;42.938
22:22:56.474;RX;40314;30.000;43.602;42.808;43.178;44.120;41.128;43.665
22:22:56.584;RX;40414;30.000;44.955;41.699;41.936;45.314;40.479;42.686
22:22:56.692;RX;40514;30.000;43.480;42.867;41.241;45.216;40.144;43.184
22:22:56.801;RX;40614;30.000;42.455;40.754;43.327;43.096;42.748;42.964
22:22:56.910;RX;40714;30.000;43.509;42.424;41.654;44.749;40.732;42.524
22:22:57.020;RX;40815;30.000;42.889;41.884;44.445;40.223;43.700;40.036
22:22:57.023;RX;40914;30.000;41.279;41.995;42.982;42.917;43.883;43.686
22:22:57.132;RX;41014;30.000;42.425;42.823;43.144;45.102;42.679;41.100
22:22:57.244;RX;41114;30.000;43.256;41.616;39.278;43.661;42.666;42.757
22:22:57.352;RX;41214;30.000;44.005;40.645;39.812;43.241;41.008;42.586
22:22:57.461;RX;41314;30.000;42.396;42.615;42.490;39.192;43.041;40.237
22:22:57.567;RX;41415;30.000;42.636;42.596;43.203;38.690;41.541;38.722
22:22:57.675;RX;41514;30.000;43.112;42.218;43.642;43.697;42.897;42.899
22:22:57.785;RX;41614;30.000;43.163;42.123;41.464;45.020;40.574;42.113
22:22:57.893;RX;41714;30.000;42.559;42.965;41.302;44.291;40.437;43.011
22:22:58.000;RX;41814;30.000;42.516;42.005;41.711;45.010;40.014;42.357
22:22:58.109;RX;41914;30.000;42.512;42.278;41.104;45.083;40.531;42.123
22:22:58.216;RX;42015;30.000;40.465;41.325;42.800;43.399;44.152;44.168
22:22:58.217;RX;42114;30.000;41.644;42.308;43.208;39.747;43.646;40.199
22:22:58.328;RX;42214;30.000;41.572;42.401;44.086;39.391;44.429;39.997
22:22:58.438;RX;42315;30.000;41.523;42.071;43.470;40.371;41.942;39.157
22:22:58.547;RX;42414;30.000;41.443;42.613;43.342;38.998;44.150;40.335
22:22:58.654;RX;42514;30.000;41.991;42.087;42.808;44.688;44.261;41.906
22:22:58.761;RX;42614;30.000;39.841;41.662;41.667;42.853;43.231;42.473
22:22:58.872;RX;42714;30.000;41.705;41.926;41.419;44.997;40.625;43.008
22:22:58.982;RX;42814;30.000;42.626;42.266;43.037;44.716;40.749;42.362
22:22:59.093;RX;42914;30.000;41.873;41.965;40.147;44.529;41.305;42.087
22:22:59.200;RX;43014;30.000;41.171;41.810;41.247;45.091;42.130;40.655
22:22:59.310;RX;43114;30.000;41.916;39.897;41.854;43.758;43.197;41.484
22:22:59.421;RX;43214;30.000;41.057;42.409;41.872;42.843;44.297;40.363
22:22:59.423;RX;43314;30.000;40.963;42.982;43.364;42.244;45.282;41.409
22:22:59.533;RX;43414;30.000;40.390;42.643;43.233;41.772;44.037;40.050
22:22:59.645;RX;43514;30.000;40.548;43.839;40.316;45.393;41.963;38.906
22:22:59.756;RX;43614;30.000;41.056;43.523;41.096;42.210;44.521;38.741
22:22:59.865;RX;43714;30.000;41.117;43.269;40.277;39.441;42.749;38.013
22:22:59.972;RX;43815;30.000;40.521;40.965;41.772;43.888;43.672;41.276
22:23:00.081;RX;43914;30.000;41.169;42.320;41.054;44.926;42.239;42.653
22:23:00.192;RX;44014;30.000;41.902;42.640;42.006;44.139;42.825;40.227
22:23:00.300;RX;44114;30.000;41.513;43.151;39.649;44.852;40.928;42.467
22:23:00.411;RX;44214;30.000;42.095;42.044;42.515;43.641;43.014;42.833
22:23:00.521;RX;44314;30.000;39.818;41.350;41.323;43.873;43.469;39.480
22:23:00.523;RX;44414;30.000;42.449;42.617;41.417;43.948;43.572;41.812
22:23:00.630;RX;44514;30.000;41.564;41.960;42.241;43.163;43.135;42.324
22:23:00.740;RX;44614;30.000;41.993;41.924;42.144;44.359;42.984;40.620
22:23:00.850;RX;44714;30.000;41.597;42.907;39.970;44.375;42.974;42.521
22:23:00.961;RX;44814;30.000;41.264;42.573;41.122;42.528;43.047;41.169
22:23:01.072;RX;44914;30.000;40.375;40.653;37.167;42.740;43.088;38.799
22:23:01.180;RX;45014;30.000;42.465;40.940;37.909;42.943;42.559;38.671
22:23:01.290;RX;45114;30.000;41.424;40.582;37.739;42.782;42.823;38.635
22:23:01.402;RX;45214;30.000;41.878;40.877;37.772;42.687;43.021;38.695
22:23:01.510;RX;45314;30.000;39.663;44.729;38.481;42.563;42.211;37.652
22:23:01.616;RX;45414;30.000;39.934;42.865;38.130;42.800;42.811;37.755
22:23:01.619;RX;45514;30.000;41.466;42.636;41.054;44.394;43.073;41.581
22:23:01.724;RX;45614;30.000;40.804;43.192;41.596;44.681;43.166;41.690
22:23:01.831;RX;45714;30.000;40.751;41.368;37.374;42.646;43.018;39.098
22:23:01.936;RX;45814;30.000;39.196;41.524;36.525;42.962;43.334;38.766
22:23:02.046;RX;45914;30.000;39.072;43.181;39.794;39.329;42.709;38.427
22:23:02.159;RX;46014;30.000;40.287;41.766;36.947;42.592;42.964;38.649
22:23:02.270;RX;46114;30.000;41.226;41.150;38.516;42.660;43.357;40.284
22:23:02.380;RX;46214;30.000;38.367;43.530;41.621;40.128;43.108;38.049
22:23:02.489;RX;46314;30.000;40.437;42.013;39.658;45.071;41.714;41.306
22:23:02.600;RX;46414;30.000;40.105;42.192;40.350;44.562;41.788;40.663
22:23:02.709;RX;46514;30.000;42.094;40.041;37.173;42.752;43.112;38.758
22:23:02.817;RX;46614;30.000;40.987;41.449;37.060;42.596;43.363;38.400
22:23:02.819;RX;46714;30.000;39.518;43.372;39.737;38.427;40.838;38.264
22:23:02.925;RX;46814;30.000;38.783;42.947;39.960;38.886;42.818;38.026
22:23:03.034;RX;46914;30.000;39.214;42.538;39.771;41.968;43.741;38.059
22:23:03.144;RX;47014;30.000;39.832;42.252;40.809;43.769;42.129;41.140
22:23:03.255;RX;47114;30.000;38.644;42.175;40.494;45.583;41.802;40.829
22:23:03.367;RX;47214;30.000;39.160;42.815;39.933;43.175;43.239;38.607
22:23:03.479;RX;47314;30.000;38.403;41.695;39.890;45.456;40.526;41.340
22:23:03.586;RX;47414;30.000;37.716;41.497;40.902;44.843;40.968;41.087
22:23:03.698;RX;47514;30.000;39.169;42.369;39.243;45.734;40.461;41.122
22:23:03.804;RX;47614;10.000;38.980;41.693;40.486;43.412;42.642;39.259
22:23:03.909;RX;47714;10.000;38.208;39.271;40.017;44.695;42.091;40.493
22:23:04.014;RX;47815;10.000;37.369;41.225;40.478;44.624;42.517;40.536
22:23:04.122;RX;47914;10.000;36.451;40.795;39.996;41.739;42.408;40.738
22:23:04.123;RX;48014;10.000;36.443;38.769;39.500;42.664;41.781;38.582
22:23:04.229;RX;48114;10.000;36.748;39.627;36.892;42.168;41.568;37.841
22:23:04.335;RX;48214;10.000;36.241;38.167;36.122;44.058;41.230;39.150
22:23:04.438;RX;48314;10.000;36.096;38.313;36.048;42.855;40.485;39.463
22:23:04.544;RX;48414;10.000;35.624;37.499;35.781;43.587;40.418;38.110
22:23:04.653;RX;48514;10.000;35.569;37.373;37.671;42.524;39.546;39.686
22:23:04.765;RX;48614;10.000;35.724;37.142;36.010;41.768;39.116;39.730
22:23:04.874;RX;48714;10.000;35.151;37.657;34.947;42.250;39.224;37.060
22:23:04.982;RX;48814;10.000;34.594;36.576;34.628;42.188;37.757;35.883
22:23:05.092;RX;48914;10.000;34.343;37.017;34.966;41.144;36.217;36.694
22:23:05.199;RX;49014;10.000;34.127;36.222;34.350;40.774;35.041;35.650
22:23:05.308;RX;49114;10.000;33.640;36.301;34.062;39.857;34.948;36.652
22:23:05.418;RX;49214;10.000;34.311;35.312;34.344;39.561;35.754;35.400
22:23:05.421;RX;49314;10.000;33.706;35.603;33.538;38.970;34.198;34.661
22:23:05.528;RX;49414;10.000;30.970;37.478;34.937;38.080;39.748;31.663
22:23:05.635;RX;49514;10.000;29.547;36.142;35.912;36.081;38.518;31.230
22:23:05.744;RX;49614;10.000;32.673;35.326;32.878;34.072;38.430;34.156
22:23:05.849;RX;49714;10.000;32.190;35.911;31.644;36.613;36.557;30.951
22:23:05.958;RX;49814;10.000;29.729;36.912;33.937;35.457;36.168;30.846
22:23:06.064;RX;49914;10.000;30.029;33.347;33.441;36.435;35.915;34.892
22:23:06.173;RX;50014;10.000;31.672;33.335;30.478;33.042;33.695;29.823
22:23:06.279;RX;50115;10.000;30.135;33.111;32.969;34.967;34.716;33.543
22:23:06.388;RX;50214;10.000;28.155;35.574;31.761;34.419;36.035;30.354
22:23:06.494;RX;50314;10.000;29.160;33.567;32.347;34.835;34.227;34.229
22:23:06.599;RX;50414;10.000;29.046;32.290;32.318;35.772;31.914;31.892
22:23:06.709;RX;50514;10.000;28.355;32.877;33.373;33.349;36.470;31.458
22:23:06.818;RX;50615;10.000;27.894;29.229;33.078;33.425;34.077;32.526
22:23:06.822;RX;50714;10.000;27.094;30.414;31.416;35.228;31.956;30.690
22:23:06.926;RX;50814;10.000;28.081;31.845;31.200;30.973;35.262;30.151
22:23:07.034;RX;50914;10.000;27.357;30.783;31.773;34.000;31.259;31.120
22:23:07.143;RX;51014;10.000;27.732;31.248;31.820;32.983;33.084;30.408
22:23:07.254;RX;51114;10.000;29.639;31.125;28.856;30.766;32.315;29.858
22:23:07.367;RX;51214;10.000;26.510;29.689;29.786;34.668;31.557;29.773
22:23:07.479;RX;51314;10.000;30.486;30.535;28.767;29.780;30.990;28.063
22:23:07.586;RX;51414;10.000;27.554;29.741;30.875;33.049;30.407;31.122
22:23:07.693;RX;51514;10.000;29.193;30.856;27.829;29.630;30.437;27.789
22:23:07.804;RX;51614;10.000;26.326;29.169;29.062;32.903;31.668;29.462
22:23:07.908;RX;51714;10.000;26.721;30.793;30.912;30.774;34.842;28.805
22:23:08.019;RX;51814;10.000;26.920;28.286;28.332;31.560;32.132;30.250
22:23:08.021;RX;51914;10.000;26.094;28.038;28.906;33.383;31.012;28.692
22:23:08.129;RX;52014;10.000;26.382;30.134;31.342;31.156;33.301;29.438
22:23:08.234;RX;52114;10.000;25.846;29.584;27.322;31.349;30.511;28.182
22:23:08.343;RX;52214;10.000;25.830;27.229;27.996;31.613;31.389;28.487
22:23:08.453;RX;52314;10.000;25.979;28.269;29.233;29.574;32.252;28.235
22:23:08.564;RX;52414;10.000;26.328;27.783;27.498;30.695;31.631;27.276
22:23:08.676;RX;52514;10.000;25.679;27.427;28.258;29.896;31.505;27.957
22:23:08.787;RX;52614;10.000;26.235;28.287;26.287;28.039;28.968;26.353
22:23:08.898;RX;52714;10.000;24.800;26.655;27.866;31.649;30.555;29.698
22:23:09.010;RX;52814;10.000;24.835;26.814;28.910;30.945;32.017;27.555
22:23:09.118;RX;52914;10.000;24.702;30.347;27.104;29.988;30.295;26.578
22:23:09.120;RX;53014;10.000;24.891;25.740;27.017;30.936;29.223;28.176
22:23:09.229;RX;53114;10.000;24.263;27.765;28.170;30.316;30.251;25.836
22:23:09.338;RX;53214;10.000;24.732;26.322;26.197;30.472;30.308;26.695
22:23:09.444;RX;53314;10.000;24.221;27.942;26.172;31.221;29.009;25.533
22:23:09.554;RX;53414;10.000;24.321;25.902;26.590;30.159;28.463;28.303
22:23:09.661;RX;53514;10.000;24.663;26.452;25.267;27.481;28.355;25.556
22:23:09.769;RX;53614;10.000;24.116;25.281;25.348;30.564;28.715;26.165
22:23:09.879;RX;53714;10.000;23.724;29.223;24.024;30.674;28.854;24.775
22:23:09.989;RX;53814;10.000;23.608;25.803;26.591;30.830;28.141;27.223
22:23:10.098;RX;53914;10.000;24.897;25.502;24.691;26.655;27.750;24.413
22:23:10.207;RX;54014;10.000;23.460;24.931;23.361;28.164;29.484;24.057
22:23:10.318;RX;54114;10.000;22.734;25.850;27.382;28.040;30.972;25.671
22:23:10.320;RX;54214;10.000;23.150;26.976;24.810;26.100;27.603;24.439
22:23:10.426;RX;54314;10.000;25.934;25.398;24.868;25.800;31.468;24.536
22:23:10.536;RX;54414;10.000;23.214;25.056;23.622;28.507;28.183;23.518
22:23:10.641;RX;54514;10.000;23.099;25.265;23.827;27.186;27.705;23.767
22:23:10.752;RX;54614;10.000;23.639;25.439;23.486;28.504;27.335;26.067
22:23:10.864;RX;54714;10.000;24.722;23.997;23.442;25.715;27.158;23.964
22:23:10.970;RX;54814;10.000;23.733;24.951;24.906;28.322;26.933;27.222
22:23:11.082;RX;54914;10.000;23.601;23.885;21.043;25.084;26.477;23.278
22:23:11.193;RX;55014;10.000;22.881;24.079;21.871;27.916;27.935;23.491
22:23:11.300;RX;55114;10.000;22.256;25.633;24.948;28.004;29.232;22.058
22:23:11.409;RX;55214;10.000;22.773;23.977;22.975;28.700;27.237;24.415
22:23:11.518;RX;55314;10.000;23.942;23.424;21.220;24.864;26.004;22.998
22:23:11.522;RX;55414;10.000;22.622;23.410;21.655;26.913;27.093;23.422
22:23:11.627;RX;55514;10.000;23.385;23.716;20.727;24.712;26.126;22.871
22:23:11.737;RX;55614;10.000;23.658;24.781;23.832;26.819;26.259;23.661
22:23:11.846;RX;55714;10.000;23.433;23.106;20.145;24.534;25.871;22.862
22:23:11.956;RX;55814;10.000;22.999;23.977;23.686;25.901;25.942;23.558
22:23:12.068;RX;55914;10.000;23.543;23.930;20.405;24.439;25.543;22.559
22:23:12.177;RX;56014;10.000;22.695;23.680;23.987;27.958;25.702;22.688
22:23:12.286;RX;56114;10.000;23.706;23.075;19.968;24.346;25.534;22.550
22:23:12.396;RX;56214;10.000;23.652;23.850;23.718;25.738;25.622;21.657
22:23:12.504;RX;56314;10.000;22.131;23.439;21.530;24.217;25.970;22.189
22:23:12.611;RX;56414;10.000;22.937;23.688;22.869;27.913;25.338;22.613
22:23:12.721;RX;56514;10.000;23.768;22.119;20.193;23.951;25.395;21.766
22:23:12.723;RX;56614;10.000;23.483;23.762;23.550;24.615;25.329;21.688
22:23:12.830;RX;56714;10.000;21.938;22.646;19.558;23.816;25.327;21.515
22:23:12.942;RX;56814;10.000;23.298;23.660;22.410;26.515;25.463;21.751
22:23:13.054;RX;56914;10.000;22.293;23.133;19.738;23.619;25.119;21.661
22:23:13.167;RX;57014;10.000;22.481;23.591;23.321;23.661;25.227;21.002
22:23:13.278;RX;57114;10.000;20.853;24.320;20.413;23.841;24.802;20.809
22:23:13.388;RX;57214;10.000;21.411;23.352;19.446;23.525;25.359;21.541
22:23:13.499;RX;57314;10.000;21.793;24.052;23.272;25.443;25.100;22.356
22:23:13.607;RX;57414;10.000;20.021;25.152;20.719;22.203;24.848;19.557
22:23:13.716;RX;57514;10.000;21.056;23.434;21.654;26.339;25.174;21.975
22:23:13.718;RX;57614;10.000;19.844;24.233;23.350;21.226;25.208;19.690
22:23:13.826;RX;57714;10.000;23.229;23.828;22.495;25.547;25.150;21.571
22:23:13.936;RX;57814;10.000;20.755;23.968;19.931;22.873;24.791;19.602
22:23:14.046;RX;57914;10.000;22.227;23.634;23.130;24.921;25.258;21.849
22:23:14.156;RX;58014;10.000;22.859;22.087;19.882;22.649;24.506;21.138
22:23:14.268;RX;58114;0.000;22.239;23.707;23.171;23.620;22.978;21.163
22:23:14.379;RX;58214;0.000;21.760;23.530;22.253;24.217;22.510;22.673
22:23:14.488;RX;58314;0.000;18.631;26.234;19.547;20.597;23.220;19.757
22:23:14.598;RX;58414;0.000;20.965;22.443;18.841;20.935;23.316;18.508
22:23:14.705;RX;58514;0.000;18.459;23.808;22.783;21.729;21.446;19.417
22:23:14.816;RX;58614;0.000;20.732;21.961;18.904;20.330;22.558;19.246
22:23:14.817;RX;58714;0.000;21.108;21.471;18.847;19.774;22.888;18.818
22:23:14.924;RX;58814;0.000;17.875;22.411;18.057;20.816;23.757;18.413
22:23:15.032;RX;58914;0.000;18.563;22.481;20.314;21.513;23.069;19.171
22:23:15.145;RX;59014;0.000;21.607;20.960;18.578;19.384;22.067;18.267
22:23:15.256;RX;59115;0.000;21.187;20.677;18.442;19.509;21.987;18.135
22:23:15.367;RX;59214;0.000;16.439;22.893;17.493;20.817;22.705;20.857
22:23:15.478;RX;59314;0.000;16.267;22.426;17.231;20.587;22.744;19.966
22:23:15.588;RX;59414;0.000;16.520;24.486;19.258;19.903;20.487;17.126
22:23:15.695;RX;59514;0.000;17.096;21.968;19.436;19.632;20.069;17.421
22:23:15.804;RX;59614;0.000;18.943;19.988;17.719;18.700;21.202;17.460
22:23:15.912;RX;59714;0.000;19.208;19.609;17.766;18.732;21.016;17.335
22:23:16.019;RX;59814;0.000;15.524;19.543;20.414;20.252;25.104;18.811
22:23:16.020;RX;59914;0.000;15.268;19.077;20.713;19.925;24.956;18.562
22:23:16.129;RX;60014;0.000;16.967;20.584;20.546;19.113;19.454;16.774
22:23:16.234;RX;60114;0.000;14.989;18.359;18.958;19.021;20.638;17.269
22:23:16.344;RX;60214;0.000;16.090;19.346;16.748;18.509;20.441;16.962
22:23:16.452;RX;60314;0.000;16.954;18.385;16.727;18.384;20.232;16.795
22:23:16.564;RX;60414;0.000;14.689;19.133;19.253;18.093;22.945;17.734
22:23:16.676;RX;60514;0.000;14.902;20.887;17.330;17.981;19.125;16.046
22:23:16.788;RX;60615;0.000;17.898;17.460;16.090;17.730;19.722;16.489
22:23:16.899;RX;60714;0.000;16.037;17.171;15.898;17.757;19.598;16.115
22:23:17.010;RX;60814;0.000;13.891;19.311;15.549;17.673;18.627;16.070
22:23:17.118;RX;60914;0.000;13.863;17.490;19.321;17.928;22.748;16.939
22:23:17.121;RX;61014;0.000;14.413;17.358;17.621;17.982;18.699;16.075
22:23:17.228;RX;61114;0.000;15.445;16.750;17.826;17.795;18.929;15.599
22:23:17.340;RX;61214;0.000;14.991;16.459;15.163;17.422;18.348;15.581
22:23:17.449;RX;61314;0.000;15.046;15.864;15.117;17.091;18.779;15.466
22:23:17.557;RX;61414;0.000;12.982;17.920;14.700;16.981;18.291;15.576
22:23:17.666;RX;61514;0.000;14.153;16.268;18.275;17.012;18.348;15.048
22:23:17.779;RX;61614;0.000;16.150;15.479;14.546;16.715;18.476;15.100
22:23:17.890;RX;61714;0.000;13.329;19.107;14.067;16.597;17.668;14.913
22:23:18.000;RX;61814;0.000;13.093;16.074;14.281;16.399;18.108;14.612
22:23:18.109;RX;61914;0.000;13.684;15.432;14.039;18.917;18.607;15.539
22:23:18.218;RX;62014;0.000;13.045;16.298;15.581;16.388;17.828;14.482
22:23:18.222;RX;62114;0.000;14.670;15.188;14.052;16.306;17.837;14.561
22:23:18.326;RX;62214;0.000;14.881;15.064;14.142;18.367;18.081;16.205
22:23:18.433;RX;62315;0.000;14.469;14.796;13.705;16.306;17.607;14.321
22:23:18.541;RX;62414;0.000;11.780;17.960;13.640;15.881;17.274;14.861
22:23:18.649;RX;62514;0.000;11.592;17.148;13.491;15.962;17.094;14.703
22:23:18.757;RX;62614;0.000;13.751;14.951;15.121;16.620;17.471;14.168
22:23:18.864;RX;62714;0.000;11.621;15.904;16.467;15.813;17.177;13.656
22:23:18.969;RX;62814;0.000;15.881;14.412;13.256;15.549;17.017;13.791
22:23:19.080;RX;62914;0.000;12.887;14.224;13.196;15.380;16.454;13.707
22:23:19.190;RX;63014;0.000;11.166;15.178;14.923;15.497;20.758;13.643
22:23:19.300;RX;63114;0.000;10.997;15.243;14.468;15.564;18.534;13.841
22:23:19.410;RX;63214;0.000;13.289;13.853;12.497;15.140;15.939;13.271
22:23:19.522;RX;63314;0.000;14.107;13.994;12.475;15.047;16.281;13.328
22:23:19.524;RX;63414;0.000;11.036;15.958;12.467;14.778;16.469;14.775
22:23:19.629;RX;63514;0.000;10.809;15.317;12.339;14.943;16.225;13.564
22:23:19.736;RX;63614;0.000;10.451;16.214;13.619;14.926;16.281;12.491
22:23:19.847;RX;63714;0.000;10.622;15.926;13.818;14.528;16.127;11.953
22:23:19.959;RX;63815;0.000;13.479;13.692;11.912;14.765;15.739;12.529
22:23:20.068;RX;63914;0.000;12.428;13.475;11.299;14.656;15.648;12.520
22:23:20.178;RX;64014;0.000;10.571;16.292;11.310;14.909;15.976;13.966
22:23:20.288;RX;64114;0.000;10.664;13.932;12.630;14.504;17.977;12.293
22:23:20.397;RX;64214;0.000;10.928;14.043;13.660;13.656;15.913;11.634
22:23:20.508;RX;64314;0.000;10.856;14.061;13.799;13.528;15.858;11.509
22:23:20.619;RX;64414;0.000;12.387;13.201;11.241;14.097;15.142;12.131
22:23:20.621;RX;64514;0.000;11.893;13.088;10.677;13.798;15.066;12.158
22:23:20.731;RX;64614;0.000;10.302;12.988;10.898;13.904;15.671;11.970
22:23:20.841;RX;64714;0.000;12.001;13.482;13.557;13.825;15.629;11.603
22:23:20.948;RX;64814;0.000;13.354;12.720;10.853;13.944;14.630;11.937
22:23:21.059;RX;64914;0.000;13.053;13.173;10.456;13.898;14.644;11.750
22:23:21.169;RX;65014;0.000;9.642;13.860;10.804;13.878;15.667;12.649
22:23:21.281;RX;65114;0.000;9.585;14.250;13.242;13.659;17.147;11.293
22:23:21.393;RX;65214;0.000;9.766;13.539;12.221;12.748;15.382;10.667
22:23:21.499;RX;65314;0.000;11.418;12.649;11.944;14.756;15.237;11.897
22:23:21.608;RX;65414;0.000;10.440;12.799;10.259;13.395;15.022;11.209
22:23:21.715;RX;65514;0.000;11.599;12.465;10.130;13.082;14.523;11.646
22:23:21.716;RX;65614;0.000;9.629;14.147;14.415;16.899;14.223;9.789
22:23:21.822;RX;65714;0.000;9.759;14.127;11.050;16.319;13.876;9.767
22:23:21.931;RX;65814;0.000;9.292;13.718;10.467;13.440;15.169;13.387
22:23:22.040;RX;65914;0.000;9.085;13.866;10.425;13.445;15.098;12.913
22:23:22.149;RX;66014;0.000;9.584;14.005;12.428;12.473;14.683;10.168
22:23:22.255;RX;66114;0.000;9.716;13.498;11.692;12.519;14.677;10.002
22:23:22.364;RX;66214;0.000;12.113;11.576;9.836;12.819;14.030;11.234
22:23:22.474;RX;66314;0.000;11.808;11.434;9.670;13.123;13.520;11.197
22:23:22.584;RX;66414;0.000;9.145;13.413;9.924;13.082;14.533;11.938
22:23:22.695;RX;66514;0.000;11.125;11.354;9.533;12.750;13.859;11.011
22:23:22.804;RX;66614;0.000;8.939;12.451;9.514;12.862;14.267;11.117
22:23:22.912;RX;66714;0.000;8.781;12.440;9.688;12.780;14.213;11.086
22:23:23.024;RX;66814;0.000;8.735;12.807;11.552;12.701;15.954;10.410
22:23:23.025;RX;66914;0.000;9.233;13.003;13.177;12.125;14.060;10.040
22:23:23.134;RX;67014;0.000;10.008;11.771;9.530;12.640;13.232;10.909
22:23:23.246;RX;67114;0.000;11.917;11.602;9.321;12.739;13.309;10.797
22:23:23.359;RX;67214;0.000;8.611;12.816;9.838;13.427;13.969;11.892
22:23:23.467;RX;67314;0.000;8.759;13.777;9.775;12.959;13.760;12.638
22:23:23.574;RX;67414;0.000;9.155;13.109;9.909;12.674;13.638;10.537
22:23:23.682;RX;67514;0.000;8.665;14.209;9.628;13.014;13.643;11.412
22:23:23.795;RX;67614;0.000;8.473;12.494;12.054;12.473;13.564;9.651
22:23:23.906;RX;67714;0.000;8.500;13.097;11.807;12.036;13.471;9.908
22:23:24.017;RX;67814;0.000;8.557;13.625;12.777;11.840;13.587;9.742
22:23:24.019;RX;67914;0.000;9.059;12.955;12.855;11.638;13.462;9.748
22:23:24.128;RX;68014;0.000;9.096;12.898;11.683;12.081;13.446;10.165
22:23:24.234;RX;68114;0.000;8.506;12.684;10.711;11.815;13.438;9.890
22:23:24.343;RX;68214;0.000;9.233;11.614;8.871;12.302;12.942;10.548
22:23:24.451;RX;68314;0.000;9.074;14.104;9.327;11.674;13.131;9.629
22:23:24.562;RX;68414;0.000;8.716;14.291;9.501;11.456;13.290;9.517
22:23:24.672;RX;68514;0.000;8.659;11.865;9.604;14.172;13.211;10.337
22:23:24.779;RX;68615;0.000;8.242;12.342;11.747;11.466;13.135;9.987
22:23:24.885;RX;68714;0.000;8.531;11.829;9.764;13.885;13.221;10.619
22:23:24.994;RX;68814;0.000;9.501;11.904;9.084;12.284;12.850;9.954
22:23:25.099;RX;68914;0.000;8.182;12.336;11.875;12.188;13.363;9.676
22:23:25.206;RX;69014;0.000;8.269;12.418;11.607;11.677;13.507;9.693
22:23:25.315;RX;69114;0.000;10.996;11.900;11.354;12.194;13.207;10.552
22:23:25.317;RX;69214;0.000;9.431;12.917;9.240;12.325;13.114;9.718
22:23:25.424;RX;69314;0.000;10.892;11.091;9.075;12.012;13.041;10.046
22:23:25.532;RX;69414;0.000;8.151;12.661;8.855;12.627;13.289;9.796
22:23:25.642;RX;69515;0.000;9.878;11.237;8.802;12.284;13.285;9.547
22:23:25.750;RX;69614;0.000;10.314;11.340;8.982;12.360;13.070;9.775
22:23:25.860;RX;69714;0.000;10.237;12.455;11.982;12.138;13.295;9.507
22:23:25.972;RX;69814;0.000;10.912;11.445;8.885;12.252;13.067;9.701
22:23:26.084;RX;69914;0.000;9.869;11.775;8.589;12.213;13.228;9.288
22:23:26.196;RX;70014;0.000;8.199;12.874;9.041;12.100;13.300;9.453
22:23:26.307;RX;70114;0.000;8.090;12.278;12.334;12.159;13.297;9.562
22:23:26.419;RX;70214;0.000;10.691;11.201;8.747;11.941;13.146;9.479
22:23:26.422;RX;70314;0.000;9.132;12.145;10.971;11.858;13.279;9.287
22:23:26.528;RX;70415;0.000;9.144;11.099;8.742;12.416;13.145;9.398
22:23:26.638;RX;70514;0.000;8.255;12.123;10.078;12.310;13.330;9.666
22:23:26.745;RX;70614;0.000;7.680;12.669;11.771;11.861;13.331;9.251
22:23:26.854;RX;70714;0.000;8.158;11.721;10.876;12.158;13.250;9.635
22:23:26.961;RX;70814;0.000;9.485;11.448;8.369;12.387;13.121;9.646
22:23:27.070;RX;70914;0.000;8.915;11.266;8.411;12.344;12.982;9.870
22:23:27.182;RX;71014;0.000;10.013;11.135;8.570;12.208;13.081;9.899
22:23:27.292;RX;71114;0.000;9.829;11.302;8.684;12.014;12.915;9.871
22:23:27.399;RX;71214;0.000;10.729;11.213;8.539;12.346;12.899;9.803
22:23:27.504;RX;71315;0.000;11.533;11.119;8.572;12.317;13.004;9.877
22:23:27.616;RX;71414;0.000;10.019;11.068;8.599;12.376;13.065;9.842
22:23:27.618;RX;71514;0.000;8.324;12.550;11.779;12.403;13.338;9.253
22:23:27.728;RX;71614;0.000;7.261;12.486;12.201;12.221;13.102;9.087
22:23:27.836;RX;71714;0.000;7.365;12.777;12.714;11.872;13.365;9.144
22:23:27.946;RX;71814;0.000;9.189;11.277;8.265;12.310;12.835;9.747
22:23:28.058;RX;71914;0.000;7.116;13.139;12.807;11.861;13.169;9.022
22:23:28.170;RX;72014;0.000;9.490;11.216;8.355;11.733;12.881;9.675
22:23:28.282;RX;72114;0.000;7.919;13.575;9.331;11.810;13.412;8.885
22:23:28.388;RX;72215;0.000;7.362;11.802;9.052;13.185;13.516;9.848
22:23:28.494;RX;72314;0.000;7.261;12.691;11.097;11.861;13.397;9.362
22:23:28.603;RX;72414;0.000;8.626;13.087;11.045;11.587;13.187;9.299
22:23:28.710;RX;72514;0.000;7.105;12.953;10.357;12.359;13.433;9.112
22:23:28.818;RX;72614;0.000;7.651;12.447;10.967;11.684;13.282;9.161
22:23:28.821;RX;72714;0.000;7.366;13.144;11.487;12.076;13.188;9.083
22:23:28.924;RX;72814;0.000;8.768;11.567;8.322;12.333;13.021;9.739
22:23:29.030;RX;72914;0.000;7.056;11.746;9.226;14.804;13.376;10.011
22:23:29.137;RX;73014;0.000;8.341;11.179;8.116;12.745;12.631;9.766
22:23:29.246;RX;73115;0.000;6.919;12.126;9.069;11.207;13.834;9.585
22:23:29.353;RX;73214;0.000;7.433;11.668;7.855;11.982;12.961;9.979
22:23:29.462;RX;73314;0.000;7.127;13.644;9.124;11.868;13.643;8.938
22:23:29.575;RX;73414;0.000;7.552;15.373;9.274;11.639;13.504;8.978
22:23:29.683;RX;73514;0.000;7.281;12.431;11.833;14.334;13.049;8.700
22:23:29.795;RX;73614;0.000;6.988;14.574;9.964;11.486;13.394;8.925
22:23:29.906;RX;73714;0.000;7.382;11.480;8.869;12.052;14.546;9.082
22:23:30.016;RX;73814;0.000;6.938;12.157;10.876;14.292;12.929;8.863
22:23:30.018;RX;73914;0.000;7.620;11.138;7.727;12.457;12.880;9.866
22:23:30.128;RX;74014;0.000;7.383;11.508;7.759;13.084;13.362;10.385
22:23:30.237;RX;74114;0.000;7.037;13.307;9.889;11.559;13.328;9.013
22:23:30.345;RX;74214;0.000;7.235;14.943;10.068;11.191;13.398;9.015
22:23:30.456;RX;74314;0.000;7.135;14.278;12.707;11.633;13.293;8.937
22:23:30.566;RX;74414;0.000;9.604;10.831;8.037;12.020;12.944;9.650
22:23:30.679;RX;74514;0.000;9.088;10.895;8.086;11.869;12.888;9.777
22:23:30.787;RX;74614;0.000;8.717;10.786;7.978;12.207;12.743;9.693
22:23:30.897;RX;74715;0.000;11.502;10.927;8.170;12.645;13.178;9.775
22:23:31.008;RX;74814;0.000;9.171;10.854;8.235;12.357;13.039;9.623
22:23:31.114;RX;74914;0.000;6.904;13.036;11.203;11.610;13.369;8.982
22:23:31.115;RX;75014;0.000;7.062;12.082;11.316;11.784;13.398;9.090
22:23:31.223;RX;75114;0.000;6.939;12.538;10.788;11.612;13.175;8.951
22:23:31.329;RX;75214;0.000;9.276;10.971;7.878;12.445;12.965;9.527
22:23:31.439;RX;75314;0.000;10.081;11.055;8.090;12.091;13.068;9.379
22:23:31.548;RX;75414;0.000;10.553;10.871;8.091;11.959;13.002;9.054
22:23:31.659;RX;75514;0.000;7.978;12.415;10.259;12.021;13.398;9.031
22:23:31.767;RX;75615;0.000;10.728;10.709;7.966;12.140;13.062;9.572
22:23:31.879;RX;75714;0.000;7.145;12.435;10.669;11.671;13.220;9.153
22:23:31.988;RX;75814;0.000;7.132;12.257;11.882;11.877;13.287;9.000
22:23:32.095;RX;75914;0.000;9.092;12.307;10.604;11.656;13.246;9.474
