20:44:32.713;35599;0.000;7.312
20:44:32.826;35699;0.000;7.339
20:44:32.935;35799;0.000;7.405
20:44:33.040;35899;0.000;7.339
20:44:33.153;35999;0.000;7.397
20:44:33.155;36099;0.000;7.325
20:44:33.263;36199;0.000;7.362
20:44:33.370;36299;0.000;7.327
20:44:33.478;36399;0.000;7.331
20:44:33.589;36499;0.000;7.328
20:44:33.701;36599;0.000;7.348
20:44:33.806;36699;0.000;7.315
20:44:33.914;36799;0.000;7.314
20:44:34.021;36899;0.000;7.397
20:44:34.128;36999;30.000;7.592
20:44:34.239;37099;30.000;7.243
20:44:34.348;37199;30.000;7.654
20:44:34.456;37299;30.000;7.756
20:44:34.459;37399;30.000;8.221
20:44:34.561;37499;30.000;8.340
20:44:34.666;37599;30.000;7.994
20:44:34.770;37699;30.000;8.626
20:44:34.876;37799;30.000;8.552
20:44:34.981;37899;30.000;8.601
20:44:35.087;37999;30.000;8.888
20:44:35.191;38099;30.000;8.853
20:44:35.300;38199;30.000;9.383
20:44:35.406;38299;30.000;9.252
20:44:35.518;38399;30.000;9.326
20:44:35.627;38499;30.000;9.434
20:44:35.739;38599;30.000;9.913
20:44:35.846;38699;30.000;9.730
20:44:35.951;38799;30.000;9.568
20:44:36.058;38899;30.000;9.709
20:44:36.061;38999;30.000;9.999
20:44:36.166;39099;30.000;10.081
20:44:36.271;39199;30.000;10.476
20:44:36.380;39299;30.000;10.315
20:44:36.486;39399;30.000;10.678
20:44:36.591;39499;30.000;10.526
20:44:36.701;39599;30.000;10.533
20:44:36.811;39699;30.000;10.577
20:44:36.920;39799;30.000;10.725
20:44:37.031;39899;30.000;11.117
20:44:37.144;39999;30.000;11.190
20:44:37.255;40099;30.000;11.616
20:44:37.257;40199;30.000;11.317
20:44:37.365;40299;30.000;11.563
20:44:37.471;40399;30.000;11.478
20:44:37.576;40499;30.000;11.671
20:44:37.684;40599;30.000;11.447
20:44:37.790;40699;30.000;11.770
20:44:37.899;40799;30.000;11.757
20:44:38.011;40899;30.000;12.308
20:44:38.123;40999;30.000;11.942
20:44:38.234;41099;30.000;11.896
20:44:38.342;41199;30.000;12.158
20:44:38.450;41299;30.000;11.778
20:44:38.557;41399;30.000;12.248
20:44:38.559;41499;30.000;12.202
20:44:38.668;41599;30.000;12.571
20:44:38.780;41699;30.000;12.358
20:44:38.890;41799;30.000;12.451
20:44:38.996;41899;30.000;13.001
20:44:39.101;41999;30.000;12.434
20:44:39.205;42099;30.000;12.516
20:44:39.311;42199;30.000;12.472
20:44:39.416;42299;30.000;12.395
20:44:39.521;42399;30.000;11.939
20:44:39.626;42499;30.000;12.495
20:44:39.731;42599;30.000;12.330
20:44:39.836;42699;30.000;12.134
20:44:39.947;42799;30.000;12.280
20:44:40.059;42899;30.000;12.284
20:44:40.062;42999;30.000;12.146
20:44:40.171;43099;30.000;12.146
20:44:40.281;43199;30.000;12.601
20:44:40.390;43299;30.000;11.982
20:44:40.500;43399;30.000;12.130
20:44:40.611;43499;30.000;12.151
20:44:40.717;43599;30.000;12.271
20:44:40.827;43699;30.000;12.148
20:44:40.939;43799;30.000;12.408
20:44:41.050;43899;30.000;12.665
20:44:41.160;43999;30.000;12.430
20:44:41.162;44099;30.000;12.195
20:44:41.273;44199;30.000;12.125
20:44:41.383;44299;30.000;12.558
20:44:41.495;44399;30.000;12.251
20:44:41.602;44499;30.000;12.107
20:44:41.706;44599;30.000;12.333
20:44:41.812;44699;30.000;12.119
20:44:41.920;44799;30.000;12.139
20:44:42.027;44899;30.000;12.729
20:44:42.138;44999;30.000;12.271
20:44:42.245;45099;30.000;12.066
20:44:42.355;45199;30.000;12.366
20:44:42.356;45299;30.000;12.681
20:44:42.464;45399;30.000;12.119
20:44:42.575;45499;30.000;12.254
20:44:42.681;45599;30.000;12.800
20:44:42.786;45699;30.000;12.097
20:44:42.891;45799;30.000;12.305
20:44:42.998;45899;50.000;12.405
20:44:43.105;45999;50.000;12.924
20:44:43.211;46099;50.000;13.219
20:44:43.316;46199;50.000;13.555
20:44:43.421;46299;50.000;13.981
20:44:43.526;46399;50.000;14.395
20:44:43.637;46499;50.000;14.808
20:44:43.749;46600;50.000;15.252
20:44:43.859;46699;50.000;15.717
20:44:43.861;46799;50.000;16.097
20:44:43.971;46899;50.000;16.558
20:44:44.081;46999;50.000;16.359
20:44:44.188;47099;50.000;16.924
20:44:44.297;47199;50.000;17.325
20:44:44.409;47299;50.000;17.823
20:44:44.521;47399;50.000;17.807
20:44:44.632;47499;50.000;18.290
20:44:44.744;47599;50.000;18.360
20:44:44.855;47699;50.000;19.079
20:44:44.857;47799;50.000;19.584
20:44:44.967;47899;50.000;19.901
20:44:45.077;47999;50.000;20.519
20:44:45.183;48099;50.000;20.311
20:44:45.291;48199;50.000;20.764
20:44:45.396;48299;50.000;20.986
20:44:45.501;48400;50.000;21.503
20:44:45.606;48499;50.000;21.589
20:44:45.718;48599;50.000;21.743
20:44:45.827;48699;50.000;21.862
20:44:45.935;48799;50.000;22.568
20:44:46.042;48899;50.000;22.558
20:44:46.153;48999;50.000;22.972
20:44:46.155;49099;50.000;22.920
20:44:46.258;49199;50.000;23.212
20:44:46.363;49299;50.000;23.406
20:44:46.472;49399;50.000;23.897
20:44:46.582;49499;50.000;23.741
20:44:46.691;49599;50.000;24.695
20:44:46.804;49699;50.000;24.394
20:44:46.915;49799;50.000;24.495
20:44:47.028;49900;50.000;24.888
20:44:47.140;49999;50.000;25.220
20:44:47.246;50099;50.000;25.433
20:44:47.351;50199;50.000;25.435
20:44:47.456;50299;50.000;26.246
20:44:47.458;50399;50.000;25.932
20:44:47.561;50499;50.000;25.956
20:44:47.668;50599;50.000;26.454
20:44:47.780;50699;50.000;26.425
20:44:47.888;50799;50.000;26.684
20:44:48.001;50899;50.000;26.942
20:44:48.106;50999;50.000;26.534
20:44:48.215;51099;50.000;27.470
20:44:48.321;51199;50.000;27.652
20:44:48.426;51299;50.000;27.401
20:44:48.531;51399;50.000;27.934
20:44:48.636;51499;50.000;27.563
20:44:48.745;51599;50.000;27.707
20:44:48.856;51699;50.000;28.340
20:44:48.860;51799;50.000;28.376
20:44:48.965;51899;50.000;27.909
20:44:49.075;51999;50.000;28.873
20:44:49.185;52099;50.000;28.425
20:44:49.292;52199;50.000;29.208
20:44:49.402;52299;50.000;29.002
20:44:49.511;52399;50.000;28.775
20:44:49.620;52499;50.000;28.945
20:44:49.729;52599;50.000;29.806
20:44:49.840;52699;50.000;29.388
20:44:49.950;52799;50.000;30.256
20:44:50.056;52899;50.000;29.470
20:44:50.059;52999;50.000;29.571
20:44:50.167;53099;50.000;29.386
20:44:50.278;53199;50.000;29.915
20:44:50.386;53299;50.000;30.156
20:44:50.498;53399;50.000;30.468
20:44:50.610;53499;50.000;30.481
20:44:50.722;53599;50.000;29.635
20:44:50.830;53699;50.000;30.867
20:44:50.935;53799;50.000;30.098
20:44:51.041;53899;50.000;30.856
20:44:51.146;53999;50.000;30.747
20:44:51.251;54099;50.000;30.692
20:44:51.361;54199;50.000;30.734
20:44:51.363;54299;50.000;30.752
20:44:51.470;54399;50.000;30.893
20:44:51.580;54499;50.000;31.681
20:44:51.689;54599;50.000;31.110
20:44:51.797;54699;50.000;31.960
20:44:51.909;54799;50.000;31.509
20:44:52.017;54899;50.000;31.681
20:44:52.125;54999;50.000;31.826
20:44:52.234;55100;50.000;32.175
20:44:52.342;55199;50.000;31.152
20:44:52.451;55299;50.000;33.374
20:44:52.556;55399;50.000;31.880
20:44:52.558;55499;50.000;32.104
20:44:52.664;55599;50.000;31.554
20:44:52.776;55699;50.000;32.673
20:44:52.887;55799;50.000;32.129
20:44:52.997;55899;50.000;32.236
20:44:53.106;55999;50.000;32.446
20:44:53.216;56099;50.000;31.965
20:44:53.322;56199;50.000;32.607
20:44:53.432;56299;50.000;32.720
20:44:53.540;56399;50.000;32.770
20:44:53.650;56499;50.000;32.991
20:44:53.761;56599;50.000;32.924
20:44:53.765;56699;50.000;33.018
20:44:53.870;56799;50.000;33.369
20:44:53.980;56899;50.000;32.783
20:44:54.091;56999;50.000;32.828
20:44:54.201;57099;50.000;32.638
20:44:54.306;57199;50.000;32.966
20:44:54.414;57299;50.000;32.740
20:44:54.526;57399;50.000;32.871
20:44:54.638;57499;50.000;32.868
20:44:54.751;57599;50.000;33.218
20:44:54.857;57699;50.000;31.853
20:44:54.860;57799;50.000;31.974
20:44:54.968;57899;50.000;33.018
20:44:55.080;57999;50.000;32.436
20:44:55.190;58099;50.000;32.941
20:44:55.299;58199;50.000;32.522
20:44:55.406;58299;50.000;32.976
20:44:55.511;58399;50.000;32.081
20:44:55.616;58499;50.000;32.617
20:44:55.722;58599;50.000;32.425
20:44:55.829;58699;50.000;32.017
20:44:55.939;58799;50.000;32.543
20:44:56.049;58899;50.000;32.878
20:44:56.157;58999;50.000;32.873
20:44:56.160;59099;50.000;32.884
20:44:56.265;59199;50.000;32.744
20:44:56.377;59299;50.000;32.430
20:44:56.486;59399;50.000;32.635
20:44:56.591;59499;50.000;32.409
20:44:56.696;59599;50.000;32.382
20:44:56.801;59699;50.000;32.551
20:44:56.906;59799;50.000;32.852
20:44:57.011;59899;50.000;32.932
20:44:57.116;59999;50.000;32.695
20:44:57.221;60099;50.000;32.679
20:44:57.326;60199;50.000;32.474
20:44:57.432;60299;50.000;32.335
20:44:57.540;60399;50.000;32.922
20:44:57.652;60499;50.000;32.805
20:44:57.655;60599;50.000;32.459
20:44:57.762;60699;50.000;33.020
20:44:57.874;60799;50.000;32.425
20:44:57.985;60899;50.000;32.356
20:44:58.095;60999;50.000;32.721
20:44:58.205;61099;50.000;32.619
20:44:58.314;61199;50.000;32.497
20:44:58.422;61299;50.000;32.846
20:44:58.528;61399;50.000;32.580
20:44:58.635;61499;50.000;32.399
20:44:58.741;61599;50.000;33.168
20:44:58.846;61699;50.000;32.423
20:44:58.951;61799;50.000;32.096
20:44:59.061;61899;50.000;32.775
20:44:59.064;61999;50.000;32.558
20:44:59.171;62099;50.000;32.498
20:44:59.280;62199;50.000;32.892
20:44:59.389;62299;50.000;32.975
20:44:59.497;62399;50.000;32.806
20:44:59.606;62499;50.000;32.800
20:44:59.711;62600;50.000;32.810
20:44:59.821;62699;70.000;32.364
20:44:59.933;62799;70.000;33.696
20:45:00.041;62899;70.000;33.499
20:45:00.146;62999;70.000;34.029
20:45:00.251;63099;70.000;34.632
20:45:00.356;63199;70.000;35.188
20:45:00.359;63299;70.000;35.139
20:45:00.461;63399;70.000;35.631
20:45:00.568;63499;70.000;36.397
20:45:00.679;63599;70.000;36.707
20:45:00.789;63699;70.000;36.742
20:45:00.900;63799;70.000;36.799
20:45:01.011;63899;70.000;37.925
20:45:01.116;63999;70.000;37.765
20:45:01.228;64099;70.000;38.183
20:45:01.337;64199;70.000;38.507
20:45:01.449;64299;70.000;39.558
20:45:01.558;64399;70.000;39.501
20:45:01.561;64499;70.000;39.469
20:45:01.665;64599;70.000;40.069
20:45:01.771;64699;70.000;40.112
20:45:01.876;64799;70.000;40.963
20:45:01.981;64899;70.000;40.889
20:45:02.087;64999;70.000;41.308
20:45:02.199;65099;70.000;41.298
20:45:02.309;65199;70.000;41.947
20:45:02.420;65299;70.000;42.126
20:45:02.532;65399;70.000;42.279
20:45:02.638;65499;70.000;43.001
20:45:02.745;65599;70.000;42.647
20:45:02.856;65699;70.000;43.263
20:45:02.859;65799;70.000;43.935
20:45:02.965;65899;70.000;43.784
20:45:03.074;65999;70.000;44.145
20:45:03.186;66099;70.000;43.969
20:45:03.295;66199;70.000;44.438
20:45:03.405;66299;70.000;44.320
20:45:03.513;66399;70.000;45.596
20:45:03.620;66499;70.000;45.769
20:45:03.729;66599;70.000;45.236
20:45:03.839;66699;70.000;45.737
20:45:03.951;66799;70.000;46.101
20:45:03.953;66899;70.000;46.402
20:45:04.060;66999;70.000;46.232
20:45:04.170;67099;70.000;46.563
20:45:04.281;67199;70.000;47.130
20:45:04.389;67299;70.000;47.415
20:45:04.500;67399;70.000;47.308
20:45:04.608;67499;70.000;47.711
20:45:04.716;67599;70.000;47.581
20:45:04.821;67699;70.000;48.906
20:45:04.926;67799;70.000;47.970
20:45:05.031;67899;70.000;48.113
20:45:05.136;67999;70.000;48.026
20:45:05.247;68099;70.000;48.444
20:45:05.356;68199;70.000;48.550
20:45:05.357;68299;70.000;48.369
20:45:05.461;68399;70.000;49.125
20:45:05.566;68499;70.000;48.377
20:45:05.677;68599;70.000;49.399
20:45:05.785;68699;70.000;48.950
20:45:05.891;68799;70.000;49.335
20:45:05.996;68899;70.000;50.088
20:45:06.101;68999;70.000;49.852
20:45:06.206;69099;70.000;50.222
20:45:06.317;69199;70.000;49.968
20:45:06.428;69299;70.000;50.366
20:45:06.540;69399;70.000;50.733
20:45:06.652;69499;70.000;50.981
20:45:06.655;69599;70.000;50.808
20:45:06.761;69699;70.000;50.802
20:45:06.870;69799;70.000;50.636
20:45:06.978;69899;70.000;51.223
20:45:07.090;69999;70.000;51.653
20:45:07.201;70099;70.000;51.406
20:45:07.306;70199;70.000;50.337
20:45:07.411;70299;70.000;51.426
20:45:07.516;70399;70.000;51.594
20:45:07.621;70499;70.000;52.128
20:45:07.726;70599;70.000;52.043
20:45:07.838;70699;70.000;52.301
20:45:07.947;70799;70.000;52.228
20:45:08.059;70899;70.000;52.721
20:45:08.063;70999;70.000;52.704
20:45:08.171;71099;70.000;52.746
20:45:08.280;71199;70.000;52.795
20:45:08.389;71299;70.000;52.767
20:45:08.499;71399;70.000;52.889
20:45:08.607;71499;70.000;51.900
20:45:08.717;71599;70.000;52.565
20:45:08.828;71699;70.000;51.950
20:45:08.939;71799;70.000;52.758
20:45:09.049;71899;70.000;53.403
20:45:09.161;71999;70.000;53.021
20:45:09.165;72099;70.000;53.316
20:45:09.273;72199;70.000;53.385
20:45:09.380;72299;70.000;52.864
20:45:09.486;72399;70.000;53.967
20:45:09.596;72499;70.000;52.966
20:45:09.704;72599;70.000;53.907
20:45:09.810;72699;70.000;53.759
20:45:09.918;72799;70.000;53.883
20:45:10.026;72899;70.000;54.059
20:45:10.135;72999;70.000;53.985
20:45:10.241;73099;70.000;54.813
20:45:10.348;73199;70.000;53.876
20:45:10.455;73299;70.000;54.678
20:45:10.458;73399;70.000;54.575
20:45:10.560;73499;70.000;53.704
20:45:10.666;73599;70.000;53.680
20:45:10.771;73699;70.000;54.372
20:45:10.881;73799;70.000;54.520
20:45:10.992;73899;70.000;53.470
20:45:11.103;73999;70.000;53.757
20:45:11.215;74099;70.000;53.463
20:45:11.326;74199;70.000;54.205
20:45:11.435;74299;70.000;54.335
20:45:11.541;74399;70.000;53.752
20:45:11.650;74499;70.000;53.696
20:45:11.756;74599;70.000;54.019
20:45:11.758;74699;70.000;53.938
20:45:11.867;74799;70.000;53.479
20:45:11.979;74899;70.000;53.735
20:45:12.092;74999;70.000;53.627
20:45:12.204;75099;70.000;54.641
20:45:12.313;75199;70.000;54.018
20:45:12.425;75299;70.000;54.578
20:45:12.535;75399;70.000;53.798
20:45:12.647;75499;70.000;54.164
20:45:12.759;75599;70.000;53.847
20:45:12.761;75699;70.000;53.718
20:45:12.870;75799;70.000;53.796
20:45:12.978;75899;70.000;54.015
20:45:13.086;75999;70.000;53.770
20:45:13.191;76099;70.000;54.505
20:45:13.296;76199;70.000;53.912
20:45:13.400;76299;70.000;53.920
20:45:13.512;76399;70.000;53.925
20:45:13.624;76499;70.000;54.053
20:45:13.734;76599;70.000;53.895
20:45:13.843;76699;70.000;54.287
20:45:13.954;76799;70.000;53.668
20:45:13.956;76899;70.000;53.371
20:45:14.065;76999;70.000;53.650
20:45:14.176;77099;70.000;54.512
20:45:14.286;77199;70.000;53.907
20:45:14.397;77299;70.000;54.142
20:45:14.502;77399;70.000;54.470
20:45:14.611;77499;70.000;54.026
20:45:14.715;77599;70.000;53.898
20:45:14.821;77699;70.000;53.959
20:45:14.926;77799;70.000;53.656
20:45:15.036;77899;70.000;54.600
20:45:15.146;77999;70.000;54.004
20:45:15.251;78099;70.000;53.943
20:45:15.356;78199;70.000;54.179
20:45:15.358;78299;70.000;53.028
20:45:15.463;78399;70.000;54.375
20:45:15.574;78499;70.000;53.994
20:45:15.687;78599;70.000;53.869
20:45:15.797;78699;70.000;53.895
20:45:15.909;78799;70.000;54.256
20:45:16.015;78899;70.000;54.163
20:45:16.121;78999;70.000;54.050
20:45:16.228;79099;70.000;54.286
20:45:16.336;79199;70.000;53.891
20:45:16.440;79299;70.000;53.653
20:45:16.551;79399;70.000;53.990
20:45:16.554;79499;70.000;54.137
20:45:16.661;79599;70.000;53.633
20:45:16.770;79699;70.000;53.861
20:45:16.880;79799;70.000;54.089
20:45:16.990;79899;70.000;54.049
20:45:17.102;79999;70.000;54.132
20:45:17.212;80099;70.000;54.002
20:45:17.324;80199;70.000;54.245
20:45:17.432;80299;70.000;53.910
20:45:17.540;80399;70.000;53.746
20:45:17.645;80499;80.000;53.706
20:45:17.751;80599;80.000;54.139
20:45:17.860;80699;80.000;54.584
20:45:17.863;80799;80.000;54.964
20:45:17.966;80899;80.000;54.674
20:45:18.072;80999;80.000;54.961
20:45:18.180;81099;80.000;55.461
20:45:18.285;81199;80.000;55.354
20:45:18.391;81299;80.000;55.604
20:45:18.496;81399;80.000;55.733
20:45:18.601;81499;80.000;56.111
20:45:18.707;81599;80.000;57.172
20:45:18.811;81700;80.000;56.528
20:45:18.916;81799;80.000;57.128
20:45:19.020;81899;80.000;57.371
20:45:19.126;81999;80.000;57.711
20:45:19.231;82099;80.000;58.217
20:45:19.336;82199;80.000;57.588
20:45:19.441;82299;80.000;57.824
20:45:19.545;82399;80.000;57.992
20:45:19.655;82499;80.000;57.863
20:45:19.658;82599;80.000;58.544
20:45:19.767;82699;80.000;58.889
20:45:19.879;82799;80.000;59.229
20:45:19.988;82899;80.000;58.988
20:45:20.100;82999;80.000;59.805
20:45:20.206;83099;80.000;59.203
20:45:20.311;83199;80.000;60.296
20:45:20.415;83299;80.000;59.686
20:45:20.526;83399;80.000;60.301
20:45:20.631;83499;80.000;59.543
20:45:20.737;83599;80.000;60.971
20:45:20.841;83699;80.000;60.571
20:45:20.946;83799;80.000;60.350
20:45:21.054;83899;80.000;60.697
20:45:21.056;83999;80.000;60.567
20:45:21.161;84099;80.000;61.190
20:45:21.273;84199;80.000;61.583
20:45:21.382;84299;80.000;60.932
20:45:21.495;84399;80.000;61.785
20:45:21.602;84499;80.000;61.019
20:45:21.711;84599;80.000;61.227
20:45:21.821;84699;80.000;62.398
20:45:21.926;84799;80.000;62.161
20:45:22.038;84899;80.000;62.240
20:45:22.146;84999;80.000;62.345
20:45:22.259;85099;80.000;62.278
20:45:22.262;85199;80.000;62.287
20:45:22.367;85299;80.000;62.751
20:45:22.476;85399;80.000;63.131
20:45:22.585;85499;80.000;62.708
20:45:22.695;85599;80.000;63.181
20:45:22.802;85699;80.000;63.349
20:45:22.910;85799;80.000;62.934
20:45:23.020;85899;80.000;63.434
20:45:23.132;85999;80.000;63.369
20:45:23.241;86099;80.000;63.936
20:45:23.353;86199;80.000;63.714
20:45:23.355;86299;80.000;63.868
20:45:23.465;86399;80.000;64.076
20:45:23.577;86499;80.000;64.196
20:45:23.689;86599;80.000;63.834
20:45:23.800;86699;80.000;63.882
20:45:23.911;86799;80.000;64.149
20:45:24.021;86899;80.000;64.732
20:45:24.129;86999;80.000;64.537
20:45:24.236;87099;80.000;64.174
20:45:24.341;87199;80.000;64.594
20:45:24.449;87299;80.000;64.766
20:45:24.556;87399;80.000;64.841
20:45:24.558;87499;80.000;64.576
20:45:24.661;87599;80.000;64.967
20:45:24.768;87699;80.000;64.882
20:45:24.878;87799;80.000;65.180
20:45:24.985;87899;80.000;64.999
20:45:25.092;87999;80.000;65.299
20:45:25.202;88099;80.000;65.421
20:45:25.313;88199;80.000;65.205
20:45:25.421;88299;80.000;65.547
20:45:25.530;88399;80.000;65.563
20:45:25.639;88499;80.000;66.088
20:45:25.747;88599;80.000;65.767
20:45:25.858;88699;80.000;65.731
20:45:25.861;88799;80.000;65.475
20:45:25.966;88899;80.000;65.832
20:45:26.075;88999;80.000;65.824
20:45:26.181;89099;80.000;65.938
20:45:26.289;89199;80.000;65.910
20:45:26.399;89299;80.000;65.606
20:45:26.510;89400;80.000;65.511
20:45:26.619;89499;80.000;65.816
20:45:26.729;89599;80.000;65.584
20:45:26.836;89699;80.000;65.489
20:45:26.943;89799;80.000;65.950
20:45:27.051;89899;80.000;65.341
20:45:27.053;89999;80.000;65.668
20:45:27.156;90099;80.000;66.013
20:45:27.265;90199;80.000;65.396
20:45:27.375;90299;80.000;65.777
20:45:27.486;90399;80.000;65.557
20:45:27.595;90499;80.000;65.869
20:45:27.702;90599;80.000;65.432
20:45:27.811;90699;80.000;65.990
20:45:27.916;90799;80.000;65.671
20:45:28.021;90899;80.000;65.971
20:45:28.126;90999;80.000;66.025
20:45:28.231;91099;80.000;65.558
20:45:28.338;91199;80.000;65.689
20:45:28.447;91300;80.000;65.654
20:45:28.559;91399;80.000;65.639
20:45:28.561;91499;80.000;65.896
20:45:28.669;91599;80.000;65.538
20:45:28.781;91699;80.000;65.015
20:45:28.892;91799;80.000;65.559
20:45:29.000;91899;80.000;65.571
20:45:29.107;91999;80.000;65.257
20:45:29.216;92099;80.000;65.998
20:45:29.324;92199;80.000;66.101
20:45:29.433;92299;80.000;66.049
20:45:29.536;92399;80.000;65.685
20:45:29.643;92499;80.000;66.027
20:45:29.751;92599;80.000;65.469
20:45:29.752;92699;80.000;65.341
20:45:29.857;92799;80.000;65.508
20:45:29.969;92899;80.000;64.860
20:45:30.079;92999;80.000;65.710
20:45:30.188;93099;80.000;66.087
20:45:30.299;93199;80.000;65.777
20:45:30.411;93299;80.000;65.167
20:45:30.520;93399;80.000;65.203
20:45:30.629;93499;80.000;65.599
20:45:30.738;93599;80.000;65.782
20:45:30.849;93699;80.000;65.386
20:45:30.960;93799;80.000;65.806
20:45:31.070;93899;80.000;65.309
20:45:31.182;93999;80.000;65.295
20:45:31.186;94099;80.000;65.839
20:45:31.291;94199;80.000;65.208
20:45:31.398;94299;80.000;65.734
20:45:31.510;94399;80.000;65.318
20:45:31.616;94499;80.000;65.620
20:45:31.728;94599;80.000;65.444
20:45:31.838;94699;80.000;65.600
20:45:31.947;94799;80.000;65.585
20:45:32.052;94899;80.000;65.748
20:45:32.055;94999;80.000;65.615
20:45:32.162;95099;80.000;65.650
20:45:32.275;95199;80.000;65.928
20:45:32.383;95299;80.000;65.819
20:45:32.491;95399;80.000;65.676
20:45:32.600;95499;80.000;65.723
20:45:32.706;95599;80.000;65.843
20:45:32.811;95699;80.000;64.972
20:45:32.921;95799;80.000;66.950
20:45:33.031;95899;80.000;65.561
20:45:33.142;95999;80.000;65.749
20:45:33.252;96099;80.000;65.813
20:45:33.254;96199;80.000;65.281
20:45:33.362;96299;80.000;65.489
20:45:33.473;96399;80.000;65.245
20:45:33.584;96499;80.000;65.082
20:45:33.695;96599;80.000;65.566
20:45:33.807;96699;80.000;65.360
20:45:33.918;96799;80.000;65.618
20:45:34.026;96899;80.000;65.544
20:45:34.131;96999;50.000;65.148
20:45:34.236;97099;50.000;65.282
20:45:34.341;97200;50.000;67.007
20:45:34.451;97299;50.000;65.196
20:45:34.454;97399;50.000;64.443
20:45:34.560;97499;50.000;65.555
20:45:34.665;97599;50.000;64.910
20:45:34.771;97699;50.000;66.006
20:45:34.881;97799;50.000;65.479
20:45:34.991;97899;50.000;64.915
20:45:35.101;97999;50.000;65.621
20:45:35.209;98099;50.000;66.515
20:45:35.318;98199;50.000;66.549
20:45:35.426;98299;50.000;66.408
20:45:35.531;98399;50.000;66.680
20:45:35.638;98499;50.000;67.418
20:45:35.745;98599;50.000;63.410
20:45:35.854;98699;50.000;66.053
20:45:35.857;98799;50.000;64.694
20:45:35.960;98899;50.000;66.687
20:45:36.066;98999;50.000;66.102
20:45:36.179;99099;50.000;65.294
20:45:36.290;99199;50.000;66.034
20:45:36.401;99299;50.000;63.444
20:45:36.513;99399;50.000;65.110
20:45:36.624;99499;50.000;66.584
20:45:36.736;99599;50.000;63.502
20:45:36.848;99699;50.000;64.266
20:45:36.959;99799;50.000;66.580
20:45:36.961;99899;50.000;66.587
20:45:37.070;99999;50.000;65.380
20:45:37.176;100099;50.000;65.241
20:45:37.283;100199;50.000;66.019
20:45:37.391;100299;50.000;65.937
20:45:37.501;100399;50.000;65.343
20:45:37.606;100499;50.000;65.539
20:45:37.711;100599;50.000;65.828
20:45:37.817;100699;50.000;68.206
20:45:37.921;100799;50.000;66.308
20:45:38.026;100899;50.000;66.241
20:45:38.136;100999;50.000;66.111
20:45:38.242;101099;50.000;65.297
20:45:38.353;101199;50.000;66.644
20:45:38.356;101299;50.000;64.814
20:45:38.464;101399;50.000;63.056
20:45:38.576;101499;50.000;66.024
20:45:38.685;101599;50.000;65.425
20:45:38.793;101699;50.000;65.841
20:45:38.905;101799;50.000;66.845
20:45:39.013;101899;50.000;65.418
20:45:39.121;101999;50.000;65.951
20:45:39.228;102099;50.000;64.404
20:45:39.336;102199;50.000;65.626
20:45:39.445;102299;50.000;65.694
20:45:39.554;102399;50.000;66.384
20:45:39.557;102499;50.000;65.602
20:45:39.662;102599;50.000;65.642
20:45:39.771;102699;50.000;65.989
20:45:39.876;102799;50.000;66.052
20:45:39.981;102899;50.000;65.299
20:45:40.086;102999;50.000;66.124
20:45:40.191;103099;50.000;65.132
20:45:40.299;103200;50.000;66.275
20:45:40.410;103299;50.000;65.932
20:45:40.521;103399;50.000;65.115
20:45:40.631;103499;50.000;67.172
20:45:40.740;103599;50.000;66.106
20:45:40.846;103699;50.000;65.668
20:45:40.956;103799;50.000;65.756
20:45:40.958;103899;50.000;66.332
20:45:41.065;103999;50.000;66.116
20:45:41.176;104099;50.000;64.758
20:45:41.285;104199;50.000;64.791
20:45:41.395;104300;50.000;65.916
20:45:41.507;104399;50.000;66.436
20:45:41.618;104499;50.000;63.948
20:45:41.728;104599;30.000;64.179
20:45:41.839;104699;30.000;65.476
20:45:41.949;104799;30.000;62.974
20:45:42.061;104899;30.000;62.457
20:45:42.063;104999;30.000;63.828
20:45:42.170;105099;30.000;63.358
20:45:42.282;105199;30.000;62.365
20:45:42.392;105299;30.000;63.165
20:45:42.504;105399;30.000;60.504
20:45:42.615;105499;30.000;59.185
20:45:42.726;105599;30.000;60.692
20:45:42.835;105699;30.000;59.901
20:45:42.941;105799;30.000;61.570
20:45:43.046;105899;30.000;59.648
20:45:43.151;105999;30.000;59.770
20:45:43.154;106099;30.000;60.860
20:45:43.256;106199;30.000;60.233
20:45:43.361;106299;30.000;59.867
20:45:43.466;106399;30.000;59.365
20:45:43.571;106499;30.000;58.134
20:45:43.678;106599;30.000;59.019
20:45:43.785;106699;30.000;57.805
20:45:43.895;106799;30.000;58.241
20:45:44.008;106899;30.000;59.183
20:45:44.118;106999;30.000;59.210
20:45:44.227;107099;30.000;58.528
20:45:44.335;107200;30.000;57.629
20:45:44.440;107299;30.000;58.412
20:45:44.545;107399;30.000;57.205
20:45:44.651;107499;30.000;54.285
20:45:44.652;107599;30.000;55.720
20:45:44.756;107699;30.000;56.435
20:45:44.865;107800;30.000;56.325
20:45:44.971;107899;30.000;55.107
20:45:45.075;107999;30.000;55.120
20:45:45.184;108099;30.000;55.079
20:45:45.290;108199;30.000;54.499
20:45:45.400;108299;30.000;54.342
20:45:45.512;108399;30.000;53.827
20:45:45.621;108499;30.000;53.439
20:45:45.730;108599;30.000;53.663
20:45:45.839;108699;30.000;53.148
20:45:45.946;108799;30.000;53.096
20:45:46.051;108899;30.000;52.188
20:45:46.156;108999;30.000;53.710
20:45:46.158;109099;30.000;52.250
20:45:46.261;109199;30.000;52.828
20:45:46.366;109299;30.000;52.518
20:45:46.472;109399;30.000;53.252
20:45:46.580;109499;30.000;52.092
20:45:46.686;109599;30.000;52.119
20:45:46.791;109699;30.000;52.816
20:45:46.898;109799;30.000;49.772
20:45:47.010;109899;30.000;52.275
20:45:47.121;109999;30.000;52.658
20:45:47.232;110099;30.000;51.510
20:45:47.343;110199;30.000;51.333
20:45:47.454;110299;30.000;49.103
20:45:47.456;110399;30.000;50.758
20:45:47.563;110499;30.000;51.183
20:45:47.673;110599;30.000;50.656
20:45:47.781;110699;30.000;48.857
20:45:47.889;110799;30.000;50.864
20:45:47.996;110899;30.000;47.989
20:45:48.101;110999;30.000;50.079
20:45:48.206;111099;30.000;50.526
20:45:48.312;111199;30.000;48.495
20:45:48.422;111299;30.000;50.731
20:45:48.534;111399;30.000;48.787
20:45:48.644;111499;30.000;50.599
20:45:48.754;111599;30.000;49.578
20:45:48.756;111700;30.000;49.074
20:45:48.865;111799;30.000;49.664
20:45:48.971;111899;30.000;50.312
20:45:49.076;111999;30.000;48.232
20:45:49.181;112099;30.000;50.030
20:45:49.290;112199;30.000;48.180
20:45:49.400;112299;30.000;49.270
20:45:49.510;112399;30.000;48.720
20:45:49.618;112499;30.000;47.843
20:45:49.728;112599;30.000;48.397
20:45:49.838;112699;30.000;48.289
20:45:49.950;112799;30.000;48.427
20:45:50.056;112899;30.000;48.250
20:45:50.058;112999;30.000;48.412
20:45:50.161;113099;30.000;49.140
20:45:50.266;113199;30.000;47.177
20:45:50.371;113299;30.000;46.892
20:45:50.476;113399;30.000;48.833
20:45:50.586;113499;30.000;47.625
20:45:50.691;113599;30.000;47.266
20:45:50.800;113699;30.000;48.028
20:45:50.908;113799;30.000;47.616
20:45:51.018;113899;30.000;48.470
20:45:51.129;113999;30.000;47.662
20:45:51.240;114099;30.000;47.304
20:45:51.350;114199;30.000;47.125
20:45:51.461;114299;30.000;46.882
20:45:51.462;114399;30.000;46.829
20:45:51.567;114499;30.000;49.496
20:45:51.675;114599;30.000;48.088
20:45:51.781;114699;30.000;47.043
20:45:51.886;114799;30.000;46.241
20:45:51.991;114899;30.000;46.054
20:45:52.096;114999;30.000;46.779
20:45:52.201;115099;30.000;47.607
20:45:52.307;115199;30.000;45.954
20:45:52.411;115299;30.000;46.490
20:45:52.516;115399;30.000;47.956
20:45:52.621;115499;30.000;48.397
20:45:52.726;115599;30.000;46.563
20:45:52.838;115699;30.000;46.973
20:45:52.950;115799;30.000;45.564
20:45:53.060;115899;30.000;46.843
20:45:53.063;115999;30.000;47.235
20:45:53.166;116099;30.000;46.759
20:45:53.271;116199;30.000;47.288
20:45:53.376;116299;30.000;47.435
20:45:53.481;116399;30.000;47.548
20:45:53.588;116499;30.000;46.357
20:45:53.700;116599;30.000;47.201
20:45:53.811;116699;30.000;45.635
20:45:53.923;116799;30.000;46.629
20:45:54.034;116899;30.000;45.728
20:45:54.141;116999;30.000;46.834
20:45:54.246;117099;30.000;47.108
20:45:54.351;117199;30.000;46.833
20:45:54.353;117299;30.000;46.877
20:45:54.456;117399;30.000;46.568
20:45:54.561;117499;30.000;46.264
20:45:54.670;117599;30.000;45.583
20:45:54.781;117699;30.000;46.765
20:45:54.891;117799;30.000;45.438
20:45:55.000;117899;30.000;46.884
20:45:55.106;117999;30.000;46.377
20:45:55.210;118099;30.000;49.227
20:45:55.316;118199;30.000;47.288
20:45:55.422;118299;30.000;48.428
20:45:55.531;118399;30.000;46.876
20:45:55.636;118499;30.000;47.855
20:45:55.741;118599;30.000;47.954
20:45:55.851;118699;30.000;47.100
20:45:55.852;118799;30.000;47.529
20:45:55.956;118899;30.000;47.450
20:45:56.064;118999;30.000;47.184
20:45:56.175;119099;30.000;47.110
20:45:56.286;119199;30.000;47.132
20:45:56.398;119299;30.000;47.197
20:45:56.509;119399;30.000;48.844
20:45:56.622;119499;30.000;47.194
20:45:56.730;119599;30.000;46.700
20:45:56.836;119699;30.000;46.474
20:45:56.946;119799;30.000;46.801
20:45:57.058;119899;30.000;47.630
20:45:57.059;119999;30.000;46.394
20:45:57.166;120099;30.000;47.381
20:45:57.272;120199;30.000;45.335
20:45:57.376;120299;30.000;46.996
20:45:57.481;120399;30.000;46.562
20:45:57.587;120499;30.000;47.415
20:45:57.696;120599;30.000;46.801
20:45:57.803;120699;30.000;46.652
20:45:57.910;120799;30.000;47.617
20:45:58.016;120899;30.000;47.336
20:45:58.121;120999;30.000;47.067
20:45:58.226;121099;30.000;46.596
20:45:58.331;121199;30.000;46.533
20:45:58.437;121299;30.000;45.910
20:45:58.544;121399;30.000;46.871
20:45:58.656;121499;30.000;47.953
20:45:58.659;121599;30.000;46.334
20:45:58.765;121699;30.000;46.378
20:45:58.876;121799;30.000;46.058
20:45:58.986;121899;30.000;47.233
20:45:59.097;121999;30.000;45.624
20:45:59.209;122099;30.000;45.927
20:45:59.319;122199;30.000;45.073
20:45:59.428;122299;0.000;46.150
20:45:59.538;122399;0.000;45.656
20:45:59.648;122499;0.000;46.159
20:45:59.758;122599;0.000;43.157
20:45:59.761;122699;0.000;42.535
20:45:59.866;122799;0.000;41.989
20:45:59.971;122900;0.000;42.495
20:46:00.076;122999;0.000;42.289
20:46:00.185;123099;0.000;42.109
20:46:00.291;123199;0.000;41.610
20:46:00.396;123299;0.000;40.629
20:46:00.501;123399;0.000;40.576
20:46:00.606;123499;0.000;39.503
20:46:00.711;123599;0.000;39.202
20:46:00.818;123699;0.000;38.593
20:46:00.928;123799;0.000;35.121
20:46:01.036;123899;0.000;36.970
20:46:01.148;123999;0.000;37.032
20:46:01.256;124099;0.000;37.311
20:46:01.258;124199;0.000;35.391
20:46:01.364;124299;0.000;35.976
20:46:01.471;124399;0.000;36.294
20:46:01.581;124499;0.000;33.524
20:46:01.692;124599;0.000;32.669
20:46:01.803;124699;0.000;32.320
20:46:01.914;124799;0.000;32.610
20:46:02.024;124899;0.000;32.193
20:46:02.136;124999;0.000;32.111
20:46:02.246;125099;0.000;30.406
20:46:02.358;125199;0.000;32.003
20:46:02.361;125299;0.000;31.661
20:46:02.470;125399;0.000;32.468
20:46:02.577;125499;0.000;30.872
20:46:02.689;125599;0.000;30.033
20:46:02.797;125699;0.000;29.794
20:46:02.905;125799;0.000;30.322
20:46:03.014;125899;0.000;29.887
20:46:03.124;125999;0.000;29.592
20:46:03.234;126099;0.000;29.372
20:46:03.341;126199;0.000;28.719
20:46:03.451;126299;0.000;27.210
20:46:03.454;126399;0.000;28.278
20:46:03.560;126499;0.000;27.057
20:46:03.672;126599;0.000;28.909
20:46:03.780;126699;0.000;27.724
20:46:03.891;126799;0.000;26.225
20:46:04.001;126899;0.000;25.057
20:46:04.112;126999;0.000;25.362
20:46:04.222;127099;0.000;26.093
20:46:04.334;127199;0.000;23.878
20:46:04.443;127299;0.000;23.629
20:46:04.553;127399;0.000;25.647
20:46:04.555;127499;0.000;23.437
20:46:04.661;127599;0.000;24.952
20:46:04.772;127699;0.000;23.627
20:46:04.881;127799;0.000;23.050
20:46:04.993;127899;0.000;23.070
20:46:05.104;127999;0.000;22.508
20:46:05.215;128099;0.000;22.755
20:46:05.328;128199;0.000;22.485
20:46:05.436;128299;0.000;22.137
20:46:05.547;128399;0.000;23.613
20:46:05.659;128499;0.000;21.408
20:46:05.663;128599;0.000;21.616
20:46:05.771;128699;0.000;23.077
20:46:05.881;128799;0.000;21.461
20:46:05.987;128899;0.000;20.986
20:46:06.096;128999;0.000;20.786
20:46:06.201;129099;0.000;20.525
20:46:06.306;129199;0.000;21.702
20:46:06.411;129299;0.000;20.332
20:46:06.521;129399;0.000;20.112
20:46:06.631;129499;0.000;19.039
20:46:06.742;129599;0.000;19.990
20:46:06.854;129699;0.000;20.345
20:46:06.856;129799;0.000;19.650
20:46:06.967;129899;0.000;18.758
20:46:07.076;129999;0.000;21.113
20:46:07.187;130099;0.000;18.898
20:46:07.297;130199;0.000;18.393
20:46:07.405;130299;0.000;19.113
20:46:07.511;130399;0.000;19.166
20:46:07.616;130499;0.000;19.100
20:46:07.722;130599;0.000;17.930
20:46:07.831;130699;0.000;17.963
20:46:07.936;130799;0.000;19.443
20:46:08.046;130899;0.000;18.584
20:46:08.156;130999;0.000;18.209
20:46:08.159;131099;0.000;18.548
20:46:08.261;131200;0.000;17.314
20:46:08.371;131299;0.000;15.921
20:46:08.483;131399;0.000;17.645
20:46:08.588;131499;0.000;18.445
20:46:08.696;131599;0.000;18.642
20:46:08.801;131699;0.000;17.880
20:46:08.906;131799;0.000;17.059
20:46:09.012;131899;0.000;17.211
20:46:09.124;131999;0.000;16.089
20:46:09.232;132099;0.000;16.435
20:46:09.341;132199;0.000;17.979
20:46:09.446;132299;0.000;17.610
20:46:09.551;132399;0.000;16.154
20:46:09.554;132499;0.000;15.985
20:46:09.662;132599;0.000;16.131
20:46:09.773;132699;0.000;15.544
20:46:09.882;132799;0.000;16.409
20:46:09.991;132899;0.000;15.778
20:46:10.101;132999;0.000;16.847
20:46:10.211;133099;0.000;15.360
20:46:10.320;133199;0.000;15.413
20:46:10.428;133299;0.000;15.494
20:46:10.539;133399;0.000;16.894
20:46:10.646;133499;0.000;14.647
20:46:10.754;133599;0.000;15.506
20:46:10.755;133699;0.000;15.848
20:46:10.865;133799;0.000;14.148
20:46:10.974;133899;0.000;13.846
20:46:11.084;133999;0.000;13.899
20:46:11.194;134099;0.000;15.508
20:46:11.304;134199;0.000;15.664
20:46:11.411;134299;0.000;13.816
20:46:11.523;134399;0.000;14.978
20:46:11.634;134499;0.000;14.935
20:46:11.742;134599;0.000;13.506
20:46:11.851;134699;0.000;13.603
20:46:11.852;134799;0.000;13.399
20:46:11.956;134899;0.000;15.241
20:46:12.061;134999;0.000;14.994
20:46:12.167;135099;0.000;13.335
20:46:12.276;135199;0.000;12.853
20:46:12.381;135299;0.000;13.461
20:46:12.488;135399;0.000;13.127
20:46:12.596;135499;0.000;13.347
20:46:12.700;135599;0.000;12.973
20:46:12.806;135699;0.000;14.288
20:46:12.911;135799;0.000;13.086
20:46:13.016;135899;0.000;13.824
20:46:13.122;135999;0.000;12.661
20:46:13.230;136099;0.000;12.783
20:46:13.341;136199;0.000;14.259
20:46:13.451;136299;0.000;13.397
20:46:13.453;136399;0.000;12.320
20:46:13.561;136499;0.000;12.830
20:46:13.668;136599;0.000;12.649
20:46:13.778;136699;0.000;12.736
20:46:13.888;136799;0.000;12.897
20:46:14.000;136899;0.000;13.258
20:46:14.111;136999;0.000;13.314
20:46:14.221;137099;0.000;12.774
20:46:14.333;137199;0.000;12.857
20:46:14.443;137299;0.000;13.785
20:46:14.554;137399;0.000;13.674
20:46:14.557;137499;0.000;12.957
20:46:14.664;137599;0.000;12.348
20:46:14.772;137699;0.000;13.126
20:46:14.876;137799;0.000;13.111
20:46:14.981;137899;0.000;13.270
20:46:15.086;137999;0.000;13.131
20:46:15.191;138099;0.000;14.586
20:46:15.301;138199;0.000;13.030
20:46:15.411;138299;0.000;13.069
20:46:15.522;138399;0.000;13.961
20:46:15.632;138499;0.000;13.510
20:46:15.744;138599;0.000;12.611
20:46:15.852;138699;0.000;12.581
20:46:15.856;138799;0.000;12.722
20:46:15.972;138899;0.000;12.369
20:46:16.083;138999;0.000;12.961
20:46:16.191;139099;0.000;12.513
20:46:16.296;139199;0.000;14.258
20:46:16.401;139299;0.000;13.456
20:46:16.506;139399;0.000;13.860
20:46:16.616;139499;0.000;12.956
20:46:16.721;139599;0.000;13.013
20:46:16.830;139699;0.000;14.189
20:46:16.942;139799;0.000;13.617
20:46:17.051;139899;0.000;12.837
20:46:17.054;139999;0.000;15.282
20:46:17.159;140099;0.000;13.491
20:46:17.266;140199;0.000;13.242
20:46:17.378;140299;0.000;13.258
20:46:17.487;140399;0.000;14.117
20:46:17.591;140499;0.000;12.809
20:46:17.702;140599;0.000;13.657
20:46:17.811;140699;0.000;13.397
20:46:17.921;140799;0.000;12.974
20:46:18.027;140899;0.000;12.646
20:46:18.135;140999;0.000;13.380
20:46:18.245;141099;0.000;12.824
20:46:18.355;141199;0.000;12.816
20:46:18.356;141299;0.000;13.353
20:46:18.464;141400;0.000;12.325
20:46:18.576;141499;0.000;12.683
20:46:18.681;141599;0.000;12.568
20:46:18.787;141699;0.000;14.276
20:46:18.896;141799;0.000;12.847
20:46:19.004;141900;0.000;13.729
20:46:19.111;141999;0.000;12.772
20:46:19.217;142099;0.000;15.623
20:46:19.325;142199;0.000;13.491
20:46:19.435;142299;0.000;13.238
20:46:19.547;142400;0.000;12.928
20:46:19.660;142499;0.000;13.087
20:46:19.661;142599;0.000;13.205
20:46:19.771;142699;0.000;12.837
20:46:19.881;142799;0.000;12.615
20:46:19.986;142899;0.000;13.201
